slug,name,file,file_expanded,os_raw,os_canonical,type,description
access_remote_pc,Access Remote PC,C:\Program Files (x86)\RemotePC\RemotePCUIU.exe,C:\Program Files (x86)\RemotePC\RemotePCUIU.exe,Windows,Windows,,RemotePC service binary
access_remote_pc,Access Remote PC,C:\Program Files (x86)\RemotePC\*,C:\Program Files (x86)\RemotePC\*,Windows,Windows,,Multiple files and binaries related to RemotePC installation
action1,Action1,C:\Windows\Action1\action1_agent.exe,C:\Windows\Action1\action1_agent.exe,Windows,Windows,,Action1 service binary
action1,Action1,C:\Windows\Action1\*,C:\Windows\Action1\*,Windows,Windows,,Multiple files and binaries related to Action1 installation
action1,Action1,C:\Windows\Action1\scripts\*,C:\Windows\Action1\scripts\*,Windows,Windows,,Multiple scripts related to Action1 installation
action1,Action1,C:\Windows\Action1\rule_data\*,C:\Windows\Action1\rule_data\*,Windows,Windows,,Files related to Action1 rules
action1,Action1,C:\Windows\Action1\action1_log_*.log,C:\Windows\Action1\action1_log_*.log,Windows,Windows,,"Contains history, errors, system notifications. Incoming and outgoing connections."
alpemix,Alpemix,%localappdata%\Alpemix\Alpemix.ini,C:\Users\*\AppData\Local\Alpemix\Alpemix.ini,Windows,Windows,,N/A
ammyyadmin,Ammyy Admin,%programdata%\\AMMYY\\access.log,C:\ProgramData\\AMMYY\\access.log,Windows,Windows,,"Ammyy Admin access log file. Contains information about the remote IP address, the time of connection, bytes recv/send, and the ID of the remote machine."
ammyyadmin,Ammyy Admin,%Binary_path%\\AA_v3.log,%Binary_path%\\AA_v3.log,Windows,Windows,,Ammyy Admin log file. Contains application related logs.
anydesk,AnyDesk,%programdata%\AnyDesk\ad_svc.trace,C:\ProgramData\AnyDesk\ad_svc.trace,Windows,Windows,,"AnyDesk service log file. As well as ad.trace, we can determine the IP address of the other participant and its AnyDesk ID when a connection is established."
anydesk,AnyDesk,%programdata%\AnyDesk\connection_trace.txt,C:\ProgramData\AnyDesk\connection_trace.txt,Windows,Windows,,"Incoming connection logs, contains IP Address of the remote machine and file transfer activity. Only generated on target side. The content indicates how the connection was approved (e.g. the local user authorized it, or a password was used)"
anydesk,AnyDesk,%APPDATA%\AnyDesk\connection_trace.txt,C:\Users\*\AppData\Roaming\AnyDesk\connection_trace.txt,Windows,Windows,,"Incoming connection logs, contains IP Address of the remote machine and file transfer activity. Only generated on target side. The content indicates how the connection was approved (e.g. the local user authorized it, or a password was used)"
anydesk,AnyDesk,%APPDATA%\AnyDesk\ad.trace,C:\Users\*\AppData\Roaming\AnyDesk\ad.trace,Windows,Windows,,"AnyDesk user interface log file. In this log file, we can determine the IP address of the other participant and its AnyDesk ID. It is also possible to track events of file transfer. Below is the Client ID and external IP address of the remote participant."
anydesk,AnyDesk,%APPDATA%\AnyDesk\chat\*.txt,C:\Users\*\AppData\Roaming\AnyDesk\chat\*.txt,Windows,Windows,,"If the chat functionality is used, its entries will be printed in a text file in this folder."
anydesk,AnyDesk,%APPDATA%\AnyDesk\user.conf,C:\Users\*\AppData\Roaming\AnyDesk\user.conf,Windows,Windows,,N/A
anydesk,AnyDesk,%PROGRAMDATA%\AnyDesk\service.conf,C:\ProgramData\AnyDesk\service.conf,Windows,Windows,,Password can be set to auto-validate the session. The password will be saved in a salted hash format.
anydesk,AnyDesk,%APPDATA%\AnyDesk\service.conf,C:\Users\*\AppData\Roaming\AnyDesk\service.conf,Windows,Windows,,N/A
anydesk,AnyDesk,%APPDATA%\AnyDesk\system.conf,C:\Users\*\AppData\Roaming\AnyDesk\system.conf,Windows,Windows,,N/A
anydesk,AnyDesk,%PROGRAMDATA%\AnyDesk\system.conf,C:\ProgramData\AnyDesk\system.conf,Windows,Windows,,N/A
anydesk,AnyDesk,%PROGRAMDATA%\Microsoft\Windows\Start Menu\Programs\StartUp\AnyDesk.lnk,C:\ProgramData\Microsoft\Windows\Start Menu\Programs\StartUp\AnyDesk.lnk,Windows,Windows,,N/A
anydesk,AnyDesk,%PROGRAMDATA%\Microsoft\Windows\Start Menu\Programs\AnyDesk\Uninstall AnyDesk.lnk,C:\ProgramData\Microsoft\Windows\Start Menu\Programs\AnyDesk\Uninstall AnyDesk.lnk,Windows,Windows,,N/A
anydesk,AnyDesk,C:\Users\*\Videos\AnyDesk\*.anydesk,C:\Users\*\Videos\AnyDesk\*.anydesk,Windows,Windows,,N/A
anydesk,AnyDesk,C:\Windows\SysWOW64\config\systemprofile\AppData\Roaming\AnyDesk\*,C:\Windows\SysWOW64\config\systemprofile\AppData\Roaming\AnyDesk\*,Windows,Windows,,N/A
anydesk,AnyDesk,~/Library/Application Support/AnyDesk/Logs/,~/Library/Application Support/AnyDesk/Logs/,Mac,MacOS,,N/A
anydesk,AnyDesk,~/.config/AnyDesk/Logs/,~/.config/AnyDesk/Logs/,Linux,Linux,,N/A
aspia,Aspia,C:\Users\*\AppData\Roaming\aspia\client.ini,C:\Users\*\AppData\Roaming\aspia\client.ini,Windows,Windows,,N/A
aspia,Aspia,C:\Users\*\AppData\Local\Temp\aspia\aspia_client-*.log,C:\Users\*\AppData\Local\Temp\aspia\aspia_client-*.log,Windows,Windows,,N/A
aspia,Aspia,C:\Program Files\Aspia\Client\qt.conf,C:\Program Files\Aspia\Client\qt.conf,Windows,Windows,,N/A
atera,Atera,C:\Program Files\ATERA Networks\AteraAgent\Packages\AgentPackageRunCommandInteractive\log.txt,C:\Program Files\ATERA Networks\AteraAgent\Packages\AgentPackageRunCommandInteractive\log.txt,Windows,Windows,,N/A
atera,Atera,C:\Program Files\ATERA Networks\AteraAgent\Packages\*,C:\Program Files\ATERA Networks\AteraAgent\Packages\*,Windows,Windows,,N/A
atera,Atera,C:\Program Files\ATERA Networks\AteraAgent\AteraAgent.exe,C:\Program Files\ATERA Networks\AteraAgent\AteraAgent.exe,Windows,Windows,,Atera service binary
atera,Atera,C:\Program Files\Atera Networks\AlphaAgent.exe,C:\Program Files\Atera Networks\AlphaAgent.exe,Windows,Windows,,Atera service binary
atera,Atera,C:\Program Files\ATERA Networks\AteraAgent\Packages\AgentPackageSTRemote\AgentPackageSTRemote.exe,C:\Program Files\ATERA Networks\AteraAgent\Packages\AgentPackageSTRemote\AgentPackageSTRemote.exe,Windows,Windows,,N/A
atera,Atera,C:\Program Files\ATERA Networks\AteraAgent\Packages\AgentPackageMonitoring\AgentPackageMonitoring.exe,C:\Program Files\ATERA Networks\AteraAgent\Packages\AgentPackageMonitoring\AgentPackageMonitoring.exe,Windows,Windows,,N/A
atera,Atera,C:\Program Files\ATERA Networks\AteraAgent\Packages\AgentPackageHeartbeat\AgentPackageHeartbeat.exe,C:\Program Files\ATERA Networks\AteraAgent\Packages\AgentPackageHeartbeat\AgentPackageHeartbeat.exe,Windows,Windows,,N/A
atera,Atera,C:\Program Files\ATERA Networks\AteraAgent\Packages\AgentPackageFileExplorer\AgentPackageFileExplorer.exe,C:\Program Files\ATERA Networks\AteraAgent\Packages\AgentPackageFileExplorer\AgentPackageFileExplorer.exe,Windows,Windows,,N/A
atera,Atera,C:\Program Files\ATERA Networks\AteraAgent\Packages\AgentPackageRunCommandInteractive\AgentPackageRunCommandInteractive.exe,C:\Program Files\ATERA Networks\AteraAgent\Packages\AgentPackageRunCommandInteractive\AgentPackageRunCommandInteractive.exe,Windows,Windows,,N/A
baramundi,baramundi Management Suite,C:\Program Files\bsag\bma\bma.exe,C:\Program Files\bsag\bma\bma.exe,Windows,Windows,,baramundi Management Agent executable. Main service binary for the baramundi Management Suite agent that runs as a Windows service (BARAAGNT). Depends on RpcSs service.
bluetrait,Bluetrait,C:\Program Files (x86)\Bluetrait Agent\Bluetrait MSP Agent.exe,C:\Program Files (x86)\Bluetrait Agent\Bluetrait MSP Agent.exe,Windows,Windows,,Main Bluetrait agent executable file
bluetrait,Bluetrait,C:\Program Files (x86)\Bluetrait Agent\BluetraitUserAgent.exe,C:\Program Files (x86)\Bluetrait Agent\BluetraitUserAgent.exe,Windows,Windows,,Bluetrait User Agent executable file
bluetrait,Bluetrait,C:\Program Files (x86)\Bluetrait Agent\config.db,C:\Program Files (x86)\Bluetrait Agent\config.db,Windows,Windows,,Bluetrait configuration database file
bluetrait,Bluetrait,C:\Program Files (x86)\Bluetrait Agent\config.json,C:\Program Files (x86)\Bluetrait Agent\config.json,Windows,Windows,,Bluetrait JSON configuration file
bluetrait,Bluetrait,C:\Program Files (x86)\Bluetrait Agent\libraries\paexec.exe,C:\Program Files (x86)\Bluetrait Agent\libraries\paexec.exe,Windows,Windows,,PAExec utility used by Bluetrait for remote execution
controlio,Controlio,weClipboardListener.exe,weClipboardListener.exe,Windows,Windows,,Controlio binary
controlio,Controlio,bbl.exe,bbl.exe,Windows,Windows,,Controlio binary
controlio,Controlio,weprtct.exe,weprtct.exe,Windows,Windows,,Controlio binary
controlio,Controlio,wemonc.exe,wemonc.exe,Windows,Windows,,Controlio binary
controlio,Controlio,wesvc.exe,wesvc.exe,Windows,Windows,,Controlio binary
controlio,Controlio,libeay32.dll,libeay32.dll,Windows,Windows,,Controlio binary
controlio,Controlio,ssleay32.dll,ssleay32.dll,Windows,Windows,,Controlio binary
controlio,Controlio,wec_launcher_[a-Z0-9]*_.exe,wec_launcher_[a-Z0-9]*_.exe,Windows,Windows,,Controlio windows installer
controlio,Controlio,wec_launcher_[a-Z0-9]*_.pkg,wec_launcher_[a-Z0-9]*_.pkg,Mac,MacOS,,Controlio macos installer
controlio,Controlio,weInstSvc.exe,weInstSvc.exe,Windows,Windows,,Controlio binary
controlio,Controlio,C:\ProgramData\{E0E95C6C-F194-4846-928D-E5538022226D}\,C:\ProgramData\{E0E95C6C-F194-4846-928D-E5538022226D}\,Windows,Windows,,Controlio binary
devolutions_remote_desktop_manager,Devolutions Remote Desktop Manager,%localappdata%\Devolutions\RemoteDesktopManager\Connections.log,C:\Users\*\AppData\Local\Devolutions\RemoteDesktopManager\Connections.log,Windows,Windows,,"Log file showing connections, disconnections, actions on saved passwords and attachments, and other changes"
devolutions_remote_desktop_manager,Devolutions Remote Desktop Manager,%localappdata%\Devolutions\RemoteDesktopManager[GUID]\Mru.xml,C:\Users\*\AppData\Local\Devolutions\RemoteDesktopManager[GUID]\Mru.xml,Windows,Windows,,Most recently used Connections
devolutions_remote_desktop_manager,Devolutions Remote Desktop Manager,%localappdata%\Devolutions\RemoteDesktopManager\Connections.db,C:\Users\*\AppData\Local\Devolutions\RemoteDesktopManager\Connections.db,Windows,Windows,,Default connections database. There can be others. Holds information and configuration about the connections
fleetdeck,FleetDeck.io,C:\Program Files (x86)\FleetDeck Agent\fleetdeck_agent_svc.exe,C:\Program Files (x86)\FleetDeck Agent\fleetdeck_agent_svc.exe,Windows,Windows,,FleetDeck agent service executable (verified via official documentation)
fleetdeck,FleetDeck.io,C:\Program Files (x86)\FleetDeck Agent\*\fleetdeck_agent.exe,C:\Program Files (x86)\FleetDeck Agent\*\fleetdeck_agent.exe,Windows,Windows,,FleetDeck agent executable (verified via official documentation)
fleetdeck,FleetDeck.io,C:\Program Files (x86)\FleetDeck Agent\*\fd_agent.dll,C:\Program Files (x86)\FleetDeck Agent\*\fd_agent.dll,Windows,Windows,,FleetDeck agent DLL (reported in GitHub issue)
fleetdeck,FleetDeck.io,C:\Windows\Temp\FleetDeck\*,C:\Windows\Temp\FleetDeck\*,Windows,Windows,,FleetDeck temporary files directory (verified via official documentation)
freshservice,Freshservice,C:\Program Files (x86)\Freshdesk\Freshservice Discovery Agent\FSAgentService.exe,C:\Program Files (x86)\Freshdesk\Freshservice Discovery Agent\FSAgentService.exe,Windows,Windows,,Freshservice Discovery Agent SYSTEM service binary (registered as Windows service `FSAgentService`). Confirmed via `fs-windows-agent-3.10.0.msi` File table and CAPE Sandbox of SHA256 773f976170f87167d63d55bf83c5f3853d3f10f01dd627ab3dfe0f02b6f25d48.
freshservice,Freshservice,C:\Program Files (x86)\Freshdesk\Freshservice Discovery Agent\FSAgentAutoUpdate.exe,C:\Program Files (x86)\Freshdesk\Freshservice Discovery Agent\FSAgentAutoUpdate.exe,Windows,Windows,,Freshservice Discovery Agent auto-updater binary; pulls new MSIs from fstools.freshservice.com.
freshservice,Freshservice,C:\Program Files (x86)\Freshdesk\Freshservice Discovery Agent\FSAgentCrashStatusUpdater.exe,C:\Program Files (x86)\Freshdesk\Freshservice Discovery Agent\FSAgentCrashStatusUpdater.exe,Windows,Windows,,Freshservice Discovery Agent crash reporter binary.
freshservice,Freshservice,C:\Program Files (x86)\Freshdesk\Freshservice Discovery Agent\FSWmiScanner.exe,C:\Program Files (x86)\Freshdesk\Freshservice Discovery Agent\FSWmiScanner.exe,Windows,Windows,,Freshservice WMI scanner helper invoked by FSAgentService.
freshservice,Freshservice,C:\Program Files (x86)\Freshdesk\Freshservice Discovery Agent\AgentInstaller.dll,C:\Program Files (x86)\Freshdesk\Freshservice Discovery Agent\AgentInstaller.dll,Windows,Windows,,Freshservice Discovery Agent custom-action DLL responsible for installing/uninstalling the `FSAgentService` Windows service via msiexec.
freshservice,Freshservice,C:\Program Files (x86)\Freshdesk\Freshservice Discovery Agent\FSUtil.dll,C:\Program Files (x86)\Freshdesk\Freshservice Discovery Agent\FSUtil.dll,Windows,Windows,,Freshservice Discovery Agent shared utility library.
freshservice,Freshservice,C:\Program Files (x86)\Freshdesk\Freshservice Discovery Agent\Newtonsoft.Json.dll,C:\Program Files (x86)\Freshdesk\Freshservice Discovery Agent\Newtonsoft.Json.dll,Windows,Windows,,Bundled JSON.NET library shipped inside the Discovery Agent MSI.
freshservice,Freshservice,C:\Program Files (x86)\Freshdesk\Freshservice Discovery Agent\log4net.dll,C:\Program Files (x86)\Freshdesk\Freshservice Discovery Agent\log4net.dll,Windows,Windows,,Bundled log4net library shipped inside the Discovery Agent MSI.
freshservice,Freshservice,C:\Program Files (x86)\Freshdesk\Freshservice Discovery Agent\Microsoft.Win32.TaskScheduler.dll,C:\Program Files (x86)\Freshdesk\Freshservice Discovery Agent\Microsoft.Win32.TaskScheduler.dll,Windows,Windows,,Microsoft.Win32.TaskScheduler library shipped inside the Discovery Agent MSI; used to register scheduled tasks for inventory cycles.
freshservice,Freshservice,C:\Program Files (x86)\Freshdesk\Freshservice Discovery Agent\settings.conf,C:\Program Files (x86)\Freshdesk\Freshservice Discovery Agent\settings.conf,Windows,Windows,,Freshservice Discovery Agent local config file.
freshservice,Freshservice,C:\Program Files (x86)\Freshdesk\Freshservice Discovery Agent\fslogger.xml,C:\Program Files (x86)\Freshdesk\Freshservice Discovery Agent\fslogger.xml,Windows,Windows,,log4net configuration file for FSAgentService.
freshservice,Freshservice,C:\Program Files (x86)\Freshdesk\Freshservice Discovery Agent\logs\*,C:\Program Files (x86)\Freshdesk\Freshservice Discovery Agent\logs\*,Windows,Windows,,Freshservice Discovery Agent log directory (vendor-documented log location for the Windows agent).
freshservice,Freshservice,C:\Program Files (x86)\Freshworks\FreshServiceProbe\bin\Freshservice.DiscoveryProbe.ScanService.exe,C:\Program Files (x86)\Freshworks\FreshServiceProbe\bin\Freshservice.DiscoveryProbe.ScanService.exe,Windows,Windows,,Freshservice Discovery Probe SYSTEM scan service binary (registered as Windows service `FreshServiceScan`). Confirmed via `fs-probe-4.13.0.msi` ServiceInstall table.
freshservice,Freshservice,C:\Program Files (x86)\Freshworks\FreshServiceProbe\bin\Freshservice.DiscoveryProbe.Window.exe,C:\Program Files (x86)\Freshworks\FreshServiceProbe\bin\Freshservice.DiscoveryProbe.Window.exe,Windows,Windows,,Freshservice Discovery Probe tray application; embeds references to fstools.freshservice.com and fstools.freshasset.com.
freshservice,Freshservice,C:\Program Files (x86)\Freshworks\FreshServiceProbe\bin\AutoUpdate.exe,C:\Program Files (x86)\Freshworks\FreshServiceProbe\bin\AutoUpdate.exe,Windows,Windows,,Freshservice Discovery Probe auto-updater binary.
freshservice,Freshservice,C:\Program Files (x86)\Freshworks\FreshServiceProbe\bin\Freshservice.DiscoveryProbe.AutoFlush.exe,C:\Program Files (x86)\Freshworks\FreshServiceProbe\bin\Freshservice.DiscoveryProbe.AutoFlush.exe,Windows,Windows,,Freshservice Discovery Probe scheduled flush helper.
freshservice,Freshservice,C:\Program Files (x86)\Freshworks\FreshServiceProbe\bin\Freshservice.DiscoveryProbe.OIDLibraryPuller.exe,C:\Program Files (x86)\Freshworks\FreshServiceProbe\bin\Freshservice.DiscoveryProbe.OIDLibraryPuller.exe,Windows,Windows,,Freshservice Discovery Probe SNMP OID library updater.
freshservice,Freshservice,C:\Program Files (x86)\Freshworks\FreshServiceProbe\bin\Freshservice.DiscoveryProbe.ProgressBar.exe,C:\Program Files (x86)\Freshworks\FreshServiceProbe\bin\Freshservice.DiscoveryProbe.ProgressBar.exe,Windows,Windows,,Freshservice Discovery Probe scan progress UI helper.
freshservice,Freshservice,C:\Program Files (x86)\Freshworks\FreshServiceProbe\bin\FSProbeReporter.exe,C:\Program Files (x86)\Freshworks\FreshServiceProbe\bin\FSProbeReporter.exe,Windows,Windows,,Freshservice Discovery Probe telemetry reporter.
freshservice,Freshservice,C:\Program Files (x86)\Freshworks\FreshServiceProbe\bin\FSProbeCrashStatusUpdater.exe,C:\Program Files (x86)\Freshworks\FreshServiceProbe\bin\FSProbeCrashStatusUpdater.exe,Windows,Windows,,Freshservice Discovery Probe crash reporter.
freshservice,Freshservice,C:\Program Files (x86)\Freshworks\FreshServiceProbe\bin\UninstallStatusUpdater.exe,C:\Program Files (x86)\Freshworks\FreshServiceProbe\bin\UninstallStatusUpdater.exe,Windows,Windows,,Freshservice Discovery Probe uninstall reporter.
freshservice,Freshservice,C:\Program Files (x86)\Freshworks\FreshServiceProbe\bin\FSScheduler.exe,C:\Program Files (x86)\Freshworks\FreshServiceProbe\bin\FSScheduler.exe,Windows,Windows,,Freshservice Discovery Probe scheduler helper (registers scheduled scan tasks).
freshservice,Freshservice,C:\Program Files (x86)\Freshworks\FreshServiceProbe\bin\FSWmiScanner.exe,C:\Program Files (x86)\Freshworks\FreshServiceProbe\bin\FSWmiScanner.exe,Windows,Windows,,Freshservice Discovery Probe WMI scanner helper.
freshservice,Freshservice,C:\Program Files (x86)\Freshworks\FreshServiceProbe\bin\IPRangeCalculator.exe,C:\Program Files (x86)\Freshworks\FreshServiceProbe\bin\IPRangeCalculator.exe,Windows,Windows,,Freshservice Discovery Probe IP-range subnet calculator helper.
freshservice,Freshservice,C:\Program Files (x86)\Freshworks\FreshServiceProbe\bin\plink.exe,C:\Program Files (x86)\Freshworks\FreshServiceProbe\bin\plink.exe,Windows,Windows,,"Bundled PuTTY plink 0.62 executable shipped inside the Discovery Probe MSI for SSH-based scanning. Legitimate redistributable, but execution from this path is a Freshservice-specific signal."
freshservice,Freshservice,C:\Program Files (x86)\Freshworks\FreshServiceProbe\bin\Freshservice.DiscoveryProbe.ScanService.exe.config,C:\Program Files (x86)\Freshworks\FreshServiceProbe\bin\Freshservice.DiscoveryProbe.ScanService.exe.config,Windows,Windows,,.NET application config file for the FreshServiceScan service.
freshservice,Freshservice,C:\Program Files (x86)\Freshworks\FreshServiceProbe\bin\Freshservice.DiscoveryProbe.Model.dll,C:\Program Files (x86)\Freshworks\FreshServiceProbe\bin\Freshservice.DiscoveryProbe.Model.dll,Windows,Windows,,Freshservice Discovery Probe data-model assembly.
freshservice,Freshservice,C:\Program Files (x86)\Freshworks\FreshServiceProbe\bin\Freshservice.DiscoveryProbe.PostMan.dll,C:\Program Files (x86)\Freshworks\FreshServiceProbe\bin\Freshservice.DiscoveryProbe.PostMan.dll,Windows,Windows,,Freshservice Discovery Probe HTTP client assembly.
freshservice,Freshservice,C:\Program Files (x86)\Freshworks\FreshServiceProbe\bin\Freshservice.DiscoveryProbe.GlobalSettings.dll,C:\Program Files (x86)\Freshworks\FreshServiceProbe\bin\Freshservice.DiscoveryProbe.GlobalSettings.dll,Windows,Windows,,Freshservice Discovery Probe settings assembly.
freshservice,Freshservice,C:\Program Files (x86)\Freshworks\FreshServiceProbe\bin\Freshservice.DiscoveryProbe.Linux.dll,C:\Program Files (x86)\Freshworks\FreshServiceProbe\bin\Freshservice.DiscoveryProbe.Linux.dll,Windows,Windows,,Freshservice Discovery Probe Linux scanner assembly.
freshservice,Freshservice,C:\Program Files (x86)\Freshworks\FreshServiceProbe\bin\Freshservice.DiscoveryProbe.Scanner.dll,C:\Program Files (x86)\Freshworks\FreshServiceProbe\bin\Freshservice.DiscoveryProbe.Scanner.dll,Windows,Windows,,Freshservice Discovery Probe primary scanner assembly.
freshservice,Freshservice,C:\Program Files (x86)\Freshworks\FreshServiceProbe\bin\Freshservice.DiscoveryProbe.UtilitiesWrapper.dll,C:\Program Files (x86)\Freshworks\FreshServiceProbe\bin\Freshservice.DiscoveryProbe.UtilitiesWrapper.dll,Windows,Windows,,Freshservice Discovery Probe utilities wrapper.
freshservice,Freshservice,C:\Program Files (x86)\Freshworks\FreshServiceProbe\bin\Freshservice.Discovery.SNMP.dll,C:\Program Files (x86)\Freshworks\FreshServiceProbe\bin\Freshservice.Discovery.SNMP.dll,Windows,Windows,,Freshservice Discovery Probe SNMP scanner assembly.
freshservice,Freshservice,C:\Program Files (x86)\Freshworks\FreshServiceProbe\bin\Freshservice.Discovery.Utilities.dll,C:\Program Files (x86)\Freshworks\FreshServiceProbe\bin\Freshservice.Discovery.Utilities.dll,Windows,Windows,,Freshservice Discovery shared utilities assembly.
freshservice,Freshservice,C:\Program Files (x86)\Freshworks\FreshServiceProbe\bin\Freshservice.Integrations.SCCM.dll,C:\Program Files (x86)\Freshworks\FreshServiceProbe\bin\Freshservice.Integrations.SCCM.dll,Windows,Windows,,Freshservice Discovery Probe Microsoft SCCM integration assembly (issues SCCM SQL queries on the customer SCCM server).
freshservice,Freshservice,C:\Program Files (x86)\Freshworks\FreshServiceProbe\bin\Vim25Service.dll,C:\Program Files (x86)\Freshworks\FreshServiceProbe\bin\Vim25Service.dll,Windows,Windows,,VMware vSphere SDK assembly (12.6 MB) shipped inside the Discovery Probe MSI for VMware ESXi/vCenter inventory.
freshservice,Freshservice,C:\Program Files (x86)\Freshworks\FreshServiceProbe\bin\Renci.SshNet.dll,C:\Program Files (x86)\Freshworks\FreshServiceProbe\bin\Renci.SshNet.dll,Windows,Windows,,Bundled Renci.SshNet 2016.1.0.0 SSH client library used by the Probe for Linux/Unix scans.
freshservice,Freshservice,C:\Program Files (x86)\Freshworks\FreshServiceProbe\bin\SnmpSharpNet.dll,C:\Program Files (x86)\Freshworks\FreshServiceProbe\bin\SnmpSharpNet.dll,Windows,Windows,,Bundled SnmpSharpNet 0.9.5 SNMP client library used by the Probe.
freshservice,Freshservice,C:\Program Files (x86)\Freshworks\FreshServiceProbe\bin\System.Data.SQLite.dll,C:\Program Files (x86)\Freshworks\FreshServiceProbe\bin\System.Data.SQLite.dll,Windows,Windows,,Bundled System.Data.SQLite library used by the Probe for its local discovery DB.
freshservice,Freshservice,C:\Program Files (x86)\Freshworks\FreshServiceProbe\bin\SQLite.Interop.dll,C:\Program Files (x86)\Freshworks\FreshServiceProbe\bin\SQLite.Interop.dll,Windows,Windows,,Bundled SQLite native interop DLL used by the Probe.
freshservice,Freshservice,C:\Program Files (x86)\Freshworks\FreshServiceProbe\bin\Microsoft.Win32.TaskScheduler.dll,C:\Program Files (x86)\Freshworks\FreshServiceProbe\bin\Microsoft.Win32.TaskScheduler.dll,Windows,Windows,,Microsoft.Win32.TaskScheduler library used by FSScheduler.exe to register Windows scheduled scan tasks.
freshservice,Freshservice,C:\Program Files (x86)\Freshworks\FreshServiceProbe\db\freshservice_discovery.db,C:\Program Files (x86)\Freshworks\FreshServiceProbe\db\freshservice_discovery.db,Windows,Windows,,Freshservice Discovery Probe local SQLite database holding scan results and tenant config.
freshservice,Freshservice,C:\Program Files (x86)\Freshworks\FreshServiceProbe\conf\Configurations.json,C:\Program Files (x86)\Freshworks\FreshServiceProbe\conf\Configurations.json,Windows,Windows,,Freshservice Discovery Probe primary JSON configuration file.
freshservice,Freshservice,C:\Program Files (x86)\Freshworks\FreshServiceProbe\conf\fslogger.xml,C:\Program Files (x86)\Freshworks\FreshServiceProbe\conf\fslogger.xml,Windows,Windows,,log4net config file for the FreshServiceScan service.
freshservice,Freshservice,C:\Program Files (x86)\Freshworks\FreshServiceProbe\conf\fsautoupdatelogger.xml,C:\Program Files (x86)\Freshworks\FreshServiceProbe\conf\fsautoupdatelogger.xml,Windows,Windows,,log4net config file for the AutoUpdate.exe Probe updater.
freshservice,Freshservice,C:\Program Files (x86)\Freshworks\FreshServiceProbe\nmap\nmap-service-probes,C:\Program Files (x86)\Freshworks\FreshServiceProbe\nmap\nmap-service-probes,Windows,Windows,,Bundled nmap service-probes database (~2.3 MB) shipped inside the Discovery Probe MSI; used by the Probe for service-version detection on customer networks.
freshservice,Freshservice,C:\Program Files (x86)\Freshworks\FreshServiceProbe\scan\windows_scripts\ListADComputers.vbs,C:\Program Files (x86)\Freshworks\FreshServiceProbe\scan\windows_scripts\ListADComputers.vbs,Windows,Windows,,Bundled VBS that enumerates computers from Active Directory; invoked by the Discovery Probe for AD discovery.
freshservice,Freshservice,C:\Program Files (x86)\Freshworks\FreshServiceProbe\scan\windows_scripts\ListDomains.vbs,C:\Program Files (x86)\Freshworks\FreshServiceProbe\scan\windows_scripts\ListDomains.vbs,Windows,Windows,,Bundled VBS that enumerates domains from Active Directory.
freshservice,Freshservice,C:\Program Files (x86)\Freshworks\FreshServiceProbe\scan\windows_scripts\GetComputerInfo.vbs,C:\Program Files (x86)\Freshworks\FreshServiceProbe\scan\windows_scripts\GetComputerInfo.vbs,Windows,Windows,,"Bundled VBS that gathers per-host computer info (OS, hardware, users) — invoked by the Probe over WMI."
freshservice,Freshservice,C:\Program Files (x86)\Freshworks\FreshServiceProbe\scan\unix_scripts\unix_ssh_scan.sh,C:\Program Files (x86)\Freshworks\FreshServiceProbe\scan\unix_scripts\unix_ssh_scan.sh,Windows,Windows,,Bundled Bash script that the Probe pushes over SSH to Linux/Unix targets to gather inventory.
freshservice,Freshservice,C:\Program Files (x86)\Freshworks\FreshServiceProbe\Uninstall.bat,C:\Program Files (x86)\Freshworks\FreshServiceProbe\Uninstall.bat,Windows,Windows,,Freshservice Discovery Probe uninstall helper batch file (shipped inside the Probe MSI).
freshservice,Freshservice,C:\Program Files (x86)\Freshworks\FreshServiceProbe\MsiUpdater.vbs,C:\Program Files (x86)\Freshworks\FreshServiceProbe\MsiUpdater.vbs,Windows,Windows,,Freshservice Discovery Probe VBS helper used by AutoUpdate.exe to chain new MSIs via msiexec.
freshservice,Freshservice,FSProbeUninstall.vbs,FSProbeUninstall.vbs,Windows,Windows,,VBS uninstall helper observed in VirusTotal as a referrer file for fstools.freshservice.com (community-distributed Probe uninstall script).
freshservice,Freshservice,%PROGRAMFILES(X86)%\Freshdesk\Freshservice Discovery Agent\*,C:\Program Files (x86)\Freshdesk\Freshservice Discovery Agent\*,Windows,Windows,,Catch-all wildcard for the Discovery Agent install directory (32-bit MSI; on x64 Windows it lands under Program Files (x86)).
freshservice,Freshservice,%PROGRAMFILES(X86)%\Freshworks\FreshServiceProbe\*,C:\Program Files (x86)\Freshworks\FreshServiceProbe\*,Windows,Windows,,Catch-all wildcard for the Discovery Probe install directory.
freshservice,Freshservice,/Applications/Freshservice Discovery Agent.app,/Applications/Freshservice Discovery Agent.app,macOS,MacOS,,macOS Discovery Agent install location (vendor docs — supported on macOS Catalina through Sequoia/Tahoe; binary names not directly observed).
freshservice,Freshservice,/opt/freshservice/discovery_agent/*,/opt/freshservice/discovery_agent/*,Linux,Linux,,Inferred Linux Discovery Agent install root based on the vendor's documented Linux install script and .NET 5+ runtime requirement; not directly verified against a Linux build.
getscreen,GetScreen,C:\ProgramData\Getscreen.me\<date>.log,C:\ProgramData\Getscreen.me\<date>.log,Windows,Windows,,"General application log file containing timestamps in UTC. The date and year must be correlated from the filename, as a new log is created for each day."
getscreen,GetScreen,C:\ProgramData\Getscreen.me\<date>.gui.log,C:\ProgramData\Getscreen.me\<date>.gui.log,Windows,Windows,,"Operator interaction log. Records all actions performed by the operator on the remote host, including control mode activity and interactive file explorer usage. Timestamps are in UTC and must be correlated with the filename for full date context."
getscreen,GetScreen,C:\ProgramData\Getscreen.me\session.inf,C:\ProgramData\Getscreen.me\session.inf,Windows,Windows,,"Contains a list of previous sessions with source IP, country, region, city and start/end time in epoch format."
getscreen,GetScreen,C:\Users\*\AppData\Local\Getscreen.me,C:\Users\*\AppData\Local\Getscreen.me,Windows,Windows,,Local application data directory.
glpi,GLPI Agent,C:\Program Files\GLPI-Agent\perl\bin\glpi-agent,C:\Program Files\GLPI-Agent\perl\bin\glpi-agent,Windows,Windows,,GLPI Agent main Perl entrypoint (Windows install)
glpi,GLPI Agent,C:\Program Files\GLPI-Agent\perl\bin\glpi-win32-service.bat,C:\Program Files\GLPI-Agent\perl\bin\glpi-win32-service.bat,Windows,Windows,,Windows service wrapper script that hosts the agent as a Windows service
glpi,GLPI Agent,C:\Program Files\GLPI-Agent\perl\bin\glpi-inventory,C:\Program Files\GLPI-Agent\perl\bin\glpi-inventory,Windows,Windows,,Standalone inventory collector (offline / one-shot)
glpi,GLPI Agent,C:\Program Files\GLPI-Agent\perl\bin\glpi-netdiscovery,C:\Program Files\GLPI-Agent\perl\bin\glpi-netdiscovery,Windows,Windows,,SNMP network discovery task binary
glpi,GLPI Agent,C:\Program Files\GLPI-Agent\perl\bin\glpi-netinventory,C:\Program Files\GLPI-Agent\perl\bin\glpi-netinventory,Windows,Windows,,SNMP network inventory task binary
glpi,GLPI Agent,C:\Program Files\GLPI-Agent\perl\bin\glpi-esx,C:\Program Files\GLPI-Agent\perl\bin\glpi-esx,Windows,Windows,,VMware ESX inventory task binary
glpi,GLPI Agent,C:\Program Files\GLPI-Agent\perl\bin\glpi-injector,C:\Program Files\GLPI-Agent\perl\bin\glpi-injector,Windows,Windows,,Inventory data injection / push utility
glpi,GLPI Agent,C:\Program Files\GLPI-Agent\perl\bin\glpi-remote,C:\Program Files\GLPI-Agent\perl\bin\glpi-remote,Windows,Windows,,Remote agent management utility (SSH / WinRM-based remote inventory)
glpi,GLPI Agent,C:\Program Files\GLPI-Agent\perl\bin\perl.exe,C:\Program Files\GLPI-Agent\perl\bin\perl.exe,Windows,Windows,,Strawberry Perl interpreter bundled with the GLPI Agent MSI
glpi,GLPI Agent,C:\Program Files\GLPI-Agent\perl\bin\wperl.exe,C:\Program Files\GLPI-Agent\perl\bin\wperl.exe,Windows,Windows,,Strawberry Perl windowless interpreter bundled with the GLPI Agent MSI
glpi,GLPI Agent,C:\Program Files\GLPI-Agent\etc\agent.cfg,C:\Program Files\GLPI-Agent\etc\agent.cfg,Windows,Windows,,GLPI Agent configuration file (Windows portable mode and override location)
glpi,GLPI Agent,C:\Program Files\GLPI-Agent\logs\glpi-agent.log,C:\Program Files\GLPI-Agent\logs\glpi-agent.log,Windows,Windows,,Default GLPI Agent log file path on Windows
glpi,GLPI Agent,C:\Program Files\GLPI-Agent\var\*,C:\Program Files\GLPI-Agent\var\*,Windows,Windows,,"GLPI Agent variable / state directory (cached inventory, last-run state)"
glpi,GLPI Agent,/usr/bin/glpi-agent,/usr/bin/glpi-agent,Linux,Linux,,GLPI Agent main binary on Linux package installs (.deb / .rpm)
glpi,GLPI Agent,/usr/local/bin/glpi-agent,/usr/local/bin/glpi-agent,Linux,Linux,,GLPI Agent main binary on Linux AppImage installs (default --installpath)
glpi,GLPI Agent,/etc/glpi-agent/agent.cfg,/etc/glpi-agent/agent.cfg,Linux,Linux,,GLPI Agent main configuration file on Linux (FHS layout)
glpi,GLPI Agent,/etc/glpi-agent/conf.d/*,/etc/glpi-agent/conf.d/*,Linux,Linux,,GLPI Agent configuration overrides directory (preserved across package upgrades)
glpi,GLPI Agent,/var/lib/glpi-agent/*,/var/lib/glpi-agent/*,Linux,Linux,,"GLPI Agent variable / state directory on Linux (cached inventory, last-run state)"
glpi,GLPI Agent,/lib/systemd/system/glpi-agent.service,/lib/systemd/system/glpi-agent.service,Linux,Linux,,systemd unit file shipped by glpi-agent .deb / .rpm packages — ExecStart=/usr/bin/glpi-agent --daemon --no-fork $OPTIONS
glpi,GLPI Agent,/Applications/GLPI-Agent/etc/agent.cfg,/Applications/GLPI-Agent/etc/agent.cfg,MacOS,MacOS,,GLPI Agent main configuration file on macOS
glpi,GLPI Agent,/Applications/GLPI-Agent/etc/conf.d/*,/Applications/GLPI-Agent/etc/conf.d/*,MacOS,MacOS,,GLPI Agent configuration overrides directory on macOS
gorelormm,Gorelo RMM,C:\Program Files\Gorelo\Agent\Plugins\Downloads\Gorelo.RemoteManagement.AppManagement.zip,C:\Program Files\Gorelo\Agent\Plugins\Downloads\Gorelo.RemoteManagement.AppManagement.zip,Windows,Windows,,Gorelo Agent Plugin - App Management
gorelormm,Gorelo RMM,C:\Program Files\Gorelo\Agent\Plugins\Downloads\Gorelo.RemoteManagement.DeviceChat.zip,C:\Program Files\Gorelo\Agent\Plugins\Downloads\Gorelo.RemoteManagement.DeviceChat.zip,Windows,Windows,,Gorelo Agent Plugin - Device Chat
gorelormm,Gorelo RMM,C:\Program Files\Gorelo\Agent\Plugins\Downloads\Gorelo.RemoteManagement.IpAddressDetector.zip,C:\Program Files\Gorelo\Agent\Plugins\Downloads\Gorelo.RemoteManagement.IpAddressDetector.zip,Windows,Windows,,Gorelo Agent Plugin - IpAddress Detector
gorelormm,Gorelo RMM,C:\Program Files\Gorelo\Agent\Plugins\Downloads\Gorelo.RemoteManagement.ScreenCapture.zip,C:\Program Files\Gorelo\Agent\Plugins\Downloads\Gorelo.RemoteManagement.ScreenCapture.zip,Windows,Windows,,Gorelo Agent Plugin - Screen Capture
gorelormm,Gorelo RMM,C:\Program Files\Gorelo\Agent\Plugins\Downloads\Gorelo.RemoteManagement.ScriptRunner.zip,C:\Program Files\Gorelo\Agent\Plugins\Downloads\Gorelo.RemoteManagement.ScriptRunner.zip,Windows,Windows,,Gorelo Agent Plugin - Script Runner
gorelormm,Gorelo RMM,C:\Program Files\Gorelo\Agent\Plugins\Downloads\Gorelo.RemoteManagement.ServerMonitor.zip,C:\Program Files\Gorelo\Agent\Plugins\Downloads\Gorelo.RemoteManagement.ServerMonitor.zip,Windows,Windows,,Gorelo Agent Plugin - Server Monitor
gorelormm,Gorelo RMM,C:\Program Files\Gorelo\Agent\Plugins\Downloads\Gorelo.RemoteManagement.ShellCommand.zip,C:\Program Files\Gorelo\Agent\Plugins\Downloads\Gorelo.RemoteManagement.ShellCommand.zip,Windows,Windows,,Gorelo Agent Plugin - Shell Command
gorelormm,Gorelo RMM,C:\Program Files\Gorelo\Agent\Plugins\Downloads\Gorelo.RemoteManagement.SystemProfiler.zip,C:\Program Files\Gorelo\Agent\Plugins\Downloads\Gorelo.RemoteManagement.SystemProfiler.zip,Windows,Windows,,Gorelo Agent Plugin - System Profiler
gorelormm,Gorelo RMM,C:\Program Files\Gorelo\Agent\Plugins\Downloads\Gorelo.RemoteManagement.SystemSecurityManagement.zip,C:\Program Files\Gorelo\Agent\Plugins\Downloads\Gorelo.RemoteManagement.SystemSecurityManagement.zip,Windows,Windows,,Gorelo Agent Plugin - System Security Management
gorelormm,Gorelo RMM,C:\Program Files\Gorelo\Agent\Plugins\Downloads\Gorelo.RemoteManagement.WindowsChecker.zip,C:\Program Files\Gorelo\Agent\Plugins\Downloads\Gorelo.RemoteManagement.WindowsChecker.zip,Windows,Windows,,Gorelo Agent Plugin - Windows Checker
gorelormm,Gorelo RMM,C:\Program Files\Gorelo\Agent\Plugins\Downloads\Gorelo.RemoteManagement.WindowsPatchManagement.zip,C:\Program Files\Gorelo\Agent\Plugins\Downloads\Gorelo.RemoteManagement.WindowsPatchManagement.zip,Windows,Windows,,Gorelo Agent Plugin - Windows Patch Management
gorelormm,Gorelo RMM,C:\Program Files\Gorelo\Agent\RMMAgent\Gorelo.RemoteManagement.Agent\Gorelo.RemoteManagement.Agent.exe,C:\Program Files\Gorelo\Agent\RMMAgent\Gorelo.RemoteManagement.Agent\Gorelo.RemoteManagement.Agent.exe,Windows,Windows,,Gorelo RMM Agent executable
gorelormm,Gorelo RMM,C:\Program Files\Gorelo\Agent\Shell\Gorelo.RemoteManagement.Shell\Gorelo.RemoteManagement.Shell.exe,C:\Program Files\Gorelo\Agent\Shell\Gorelo.RemoteManagement.Shell\Gorelo.RemoteManagement.Shell.exe,Windows,Windows,,Gorelo RMM Shell executable
gorelormm,Gorelo RMM,C:\Program Files\Gorelo\Installer\Downloads\Gorelo.RemoteManagement.Agent.zip,C:\Program Files\Gorelo\Installer\Downloads\Gorelo.RemoteManagement.Agent.zip,Windows,Windows,,Installer Download - Agent package
gorelormm,Gorelo RMM,C:\Program Files\Gorelo\Installer\Downloads\Gorelo.RemoteManagement.Shell.zip,C:\Program Files\Gorelo\Installer\Downloads\Gorelo.RemoteManagement.Shell.zip,Windows,Windows,,Installer Download - Shell package
gorelormm,Gorelo RMM,C:\Program Files\Gorelo\Installer\Downloads\Gorelo.Rmm.Installer.Handler.zip,C:\Program Files\Gorelo\Installer\Downloads\Gorelo.Rmm.Installer.Handler.zip,Windows,Windows,,Installer Download - Handler package
gorelormm,Gorelo RMM,C:\Program Files\Gorelo\Installer\Downloads\Gorelo.Rmm.Installer.zip,C:\Program Files\Gorelo\Installer\Downloads\Gorelo.Rmm.Installer.zip,Windows,Windows,,Installer Download - Installer package
gorelormm,Gorelo RMM,C:\Program Files\Gorelo\Installer\Gorelo.Rmm.Installer.Handler\Gorelo.Rmm.Installer.Handler.exe,C:\Program Files\Gorelo\Installer\Gorelo.Rmm.Installer.Handler\Gorelo.Rmm.Installer.Handler.exe,Windows,Windows,,RMM Installer Handler executable
gorelormm,Gorelo RMM,C:\Program Files\Gorelo\Installer\Gorelo.Rmm.Installer\Gorelo.Rmm.Installer.exe,C:\Program Files\Gorelo\Installer\Gorelo.Rmm.Installer\Gorelo.Rmm.Installer.exe,Windows,Windows,,RMM Installer executable
gorelormm,Gorelo RMM,C:\Program Files\Gorelo\LogFiles\Agent\diagnostics-*.txt,C:\Program Files\Gorelo\LogFiles\Agent\diagnostics-*.txt,Windows,Windows,,Diagnostics logs for the Agent component
gorelormm,Gorelo RMM,C:\Program Files\Gorelo\LogFiles\Installer\diagnostics-*.txt,C:\Program Files\Gorelo\LogFiles\Installer\diagnostics-*.txt,Windows,Windows,,Diagnostics logs for the Installer component
gorelormm,Gorelo RMM,C:\Program Files\Gorelo\LogFiles\InstallerHandler\diagnostics-*.txt,C:\Program Files\Gorelo\LogFiles\InstallerHandler\diagnostics-*.txt,Windows,Windows,,Diagnostics logs for the InstallerHandler component
gorelormm,Gorelo RMM,C:\Program Files\Gorelo\LogFiles\Shell\diagnostics-*.txt,C:\Program Files\Gorelo\LogFiles\Shell\diagnostics-*.txt,Windows,Windows,,Diagnostics logs for the Shell component
gotomypc,GoToMyPC,%AppData%\GoTo\Logs\goto.log,C:\Users\*\AppData\Roaming\GoTo\Logs\goto.log,Windows,Windows,,N/A
heartbeatrm,HeartbeatRM,C:\Program Files (x86)\HeartbeatRM\*,C:\Program Files (x86)\HeartbeatRM\*,Windows,Windows,,HeartbeatRM official installation directory (verified via vendor documentation)
heartbeatrm,HeartbeatRM,C:\Program Files\HeartbeatRM\*,C:\Program Files\HeartbeatRM\*,Windows,Windows,,HeartbeatRM reported installation directory (unverified - from threat intelligence)
heartbeatrm,HeartbeatRM,*\agent-installer-any.exe,*\agent-installer-any.exe,Windows,Windows,,HeartbeatRM official installer (verified via VirusTotal)
hoptodesk,HopToDesk,C:\Program Files (x86)\HopToDesk\HopToDesk.exe,C:\Program Files (x86)\HopToDesk\HopToDesk.exe,Windows,Windows,,HopToDesk application executable (verified via VirusTotal sandbox analysis)
hoptodesk,HopToDesk,C:\Program Files (x86)\HopToDesk\privacyhelper.exe,C:\Program Files (x86)\HopToDesk\privacyhelper.exe,Windows,Windows,,HopToDesk privacy helper executable (verified via VirusTotal sandbox analysis)
hoptodesk,HopToDesk,C:\Program Files (x86)\HopToDesk\PrivacyMode.dll,C:\Program Files (x86)\HopToDesk\PrivacyMode.dll,Windows,Windows,,HopToDesk privacy mode library (verified via VirusTotal sandbox analysis)
hoptodesk,HopToDesk,C:\Program Files (x86)\HopToDesk\sciter.dll,C:\Program Files (x86)\HopToDesk\sciter.dll,Windows,Windows,,HopToDesk Sciter UI library (verified via VirusTotal sandbox analysis)
hoptodesk,HopToDesk,C:\Users\*\AppData\Local\Temp\sciter.dll,C:\Users\*\AppData\Local\Temp\sciter.dll,Windows,Windows,,HopToDesk UI library (verified via VirusTotal sandbox analysis)
hoptodesk,HopToDesk,C:\Users\*\AppData\Local\Temp\privacyhelper.exe,C:\Users\*\AppData\Local\Temp\privacyhelper.exe,Windows,Windows,,HopToDesk privacy helper (verified via VirusTotal sandbox analysis)
hoptodesk,HopToDesk,C:\Users\*\AppData\Roaming\HopToDesk\config\*,C:\Users\*\AppData\Roaming\HopToDesk\config\*,Windows,Windows,,HopToDesk configuration files (verified via VirusTotal sandbox analysis)
hoptodesk,HopToDesk,C:\Users\*\AppData\Roaming\HopToDesk\config\hoptodesk.toml,C:\Users\*\AppData\Roaming\HopToDesk\config\hoptodesk.toml,Windows,Windows,,HopToDesk configuration file (verified via VirusTotal sandbox analysis)
hoptodesk,HopToDesk,C:\Users\*\AppData\Roaming\HopToDesk\config\HopToDesk.toml,C:\Users\*\AppData\Roaming\HopToDesk\config\HopToDesk.toml,Windows,Windows,,HopToDesk configuration file (verified via VirusTotal sandbox analysis)
hoptodesk,HopToDesk,C:\Users\*\AppData\Roaming\HopToDesk\config\HopToDesk_rCURRENT.log,C:\Users\*\AppData\Roaming\HopToDesk\config\HopToDesk_rCURRENT.log,Windows,Windows,,HopToDesk log file (verified via VirusTotal sandbox analysis)
hoptodesk,HopToDesk,/System/Volumes/Data/Users/*/Library/Logs/HopToDesk/hoptodesk_rCURRENT.log,/System/Volumes/Data/Users/*/Library/Logs/HopToDesk/hoptodesk_rCURRENT.log,MacOS,MacOS,,HopToDesk log file (verified via VirusTotal sandbox analysis)
idrive,iDrive,C:\ProgramData\IDrive\*,C:\ProgramData\IDrive\*,Windows,Windows,,iDrive installation and data directory (observed in threat intelligence)
idrive,iDrive,C:\Program Files\IDrive\*,C:\Program Files\IDrive\*,Windows,Windows,,iDrive program files directory
idrive,iDrive,C:\Program Files (x86)\IDrive\*,C:\Program Files (x86)\IDrive\*,Windows,Windows,,iDrive program files directory (32-bit)
idrive,iDrive,C:\Users\*\AppData\Local\IDrive\*,C:\Users\*\AppData\Local\IDrive\*,Windows,Windows,,iDrive user data and configuration
immybot,ImmyBot,C:\Program Files\ImmyBot\*,C:\Program Files\ImmyBot\*,Windows,Windows,,ImmyBot installation directory (verified via official documentation)
immybot,ImmyBot,C:\Program Files (x86)\ImmyBot\*,C:\Program Files (x86)\ImmyBot\*,Windows,Windows,,ImmyBot installation directory for 32-bit (verified via official documentation)
immybot,ImmyBot,C:\ProgramData\ImmyBot\Logs\*,C:\ProgramData\ImmyBot\Logs\*,Windows,Windows,,ImmyBot agent logs (verified via official documentation)
immybot,ImmyBot,C:\ProgramData\ImmyBot\Scripts\*,C:\ProgramData\ImmyBot\Scripts\*,Windows,Windows,,ImmyBot script execution directory (verified via official documentation)
immybot,ImmyBot,C:\ProgramData\ImmyBotAgentService\config.json,C:\ProgramData\ImmyBotAgentService\config.json,Windows,Windows,,ImmyBot agent configuration file (verified via official documentation)
immybot,ImmyBot,C:\Windows\Temp\ImmyBot\*,C:\Windows\Temp\ImmyBot\*,Windows,Windows,,ImmyBot temporary files directory
invgate,InvGate,C:\Program Files (x86)\Inventec\InvGate.net Client\InvGate-ED.exe,C:\Program Files (x86)\Inventec\InvGate.net Client\InvGate-ED.exe,Windows,Windows,,InvGate Assets Client SYSTEM service binary (registered as the InvClient service)
invgate,InvGate,C:\Program Files (x86)\Inventec\InvGate.net Client\DepHlp.exe,C:\Program Files (x86)\Inventec\InvGate.net Client\DepHlp.exe,Windows,Windows,,InvGate Assets deployment helper used by the software-deployment module
invgate,InvGate,C:\Program Files (x86)\Inventec\InvGate.net Client\files\InvGateAssetsRD.exe,C:\Program Files (x86)\Inventec\InvGate.net Client\files\InvGateAssetsRD.exe,Windows,Windows,,InvGate Assets remote-desktop / remote-support helper invoked by the agent
invgate,InvGate,C:\Program Files (x86)\Inventec\InvGate.net Client\files\InvGateRD.exe,C:\Program Files (x86)\Inventec\InvGate.net Client\files\InvGateRD.exe,Windows,Windows,,InvGate Assets RD helper binary
invgate,InvGate,C:\Program Files (x86)\Inventec\InvGate.net Client\files\sas.dll,C:\Program Files (x86)\Inventec\InvGate.net Client\files\sas.dll,Windows,Windows,,Bundled DLL shipped under the agent's files directory
invgate,InvGate,C:\Program Files (x86)\Inventec\InvGate.net Client\Software Matt.dll,C:\Program Files (x86)\Inventec\InvGate.net Client\Software Matt.dll,Windows,Windows,,"Software metering DLL (""Software Matt"") loaded by the agent"
invgate,InvGate,C:\Program Files (x86)\Inventec\InvGate.net Client\InvClient-Log.txt,C:\Program Files (x86)\Inventec\InvGate.net Client\InvClient-Log.txt,Windows,Windows,,Top-level InvClient service log
invgate,InvGate,C:\Program Files (x86)\Inventec\InvGate.net Client\logs\InvClient-Log.txt,C:\Program Files (x86)\Inventec\InvGate.net Client\logs\InvClient-Log.txt,Windows,Windows,,InvClient service log (rotated copy under \logs\)
invgate,InvGate,C:\Program Files (x86)\Inventec\InvGate.net Client\logs\InvClient-Log_SoftwareMet.txt,C:\Program Files (x86)\Inventec\InvGate.net Client\logs\InvClient-Log_SoftwareMet.txt,Windows,Windows,,Software metering subsystem log written by the agent during execution (observed in install layout per advanceduninstaller.com inventory)
invgate,InvGate,C:\Program Files (x86)\Inventec\InvGate.net Client\logs\InvClient-Log_Service.txt,C:\Program Files (x86)\Inventec\InvGate.net Client\logs\InvClient-Log_Service.txt,Windows,Windows,,InvClient service log written by the agent during execution (observed in install layout per advanceduninstaller.com inventory)
invgate,InvGate,C:\Program Files (x86)\Inventec\InvGate.net Client\logs\*,C:\Program Files (x86)\Inventec\InvGate.net Client\logs\*,Windows,Windows,,InvGate agent logs directory (multiple per-subsystem logs)
invgate,InvGate,C:\Program Files (x86)\Inventec\InvGate.net Client\build.txt,C:\Program Files (x86)\Inventec\InvGate.net Client\build.txt,Windows,Windows,,InvGate Assets Client build identifier file
invgate,InvGate,C:\Program Files (x86)\Inventec\InvGate.net Client\invid,C:\Program Files (x86)\Inventec\InvGate.net Client\invid,Windows,Windows,,Per-endpoint InvGate Agent ID — unique value linking the endpoint to its asset record in the tenant
invgate,InvGate,C:\Program Files (x86)\Inventec\InvGate.net Client\sm_rep.inv,C:\Program Files (x86)\Inventec\InvGate.net Client\sm_rep.inv,Windows,Windows,,Software metering report inventory file
invgate,InvGate,C:\Program Files (x86)\Inventec\InvGate.net Client\sm_temp.inv,C:\Program Files (x86)\Inventec\InvGate.net Client\sm_temp.inv,Windows,Windows,,Software metering temporary inventory file
invgate,InvGate,C:\Program Files (x86)\Inventec\InvGate.net Client\usbFiles\usbLog.txt,C:\Program Files (x86)\Inventec\InvGate.net Client\usbFiles\usbLog.txt,Windows,Windows,,USB device tracking log written by the agent
invgate,InvGate,C:\Program Files (x86)\Inventec\InvGate.net Client\4.002.004.ver,C:\Program Files (x86)\Inventec\InvGate.net Client\4.002.004.ver,Windows,Windows,,Per-version marker file dropped by the agent installer/updater
invgate,InvGate,C:\Program Files (x86)\Inventec\InvGate.net Client\5.001.004.ver,C:\Program Files (x86)\Inventec\InvGate.net Client\5.001.004.ver,Windows,Windows,,Per-version marker file dropped by the agent installer/updater
invgate,InvGate,C:\Windows\Installer\{41F5BB80-6416-4AF4-B67B-FA36C29DB4C4}\ARPPRODUCTICON.exe,C:\Windows\Installer\{41F5BB80-6416-4AF4-B67B-FA36C29DB4C4}\ARPPRODUCTICON.exe,Windows,Windows,,Add/Remove Programs icon cached by Windows Installer for the InvGate Assets Client v5.001.004 product GUID
kaseya,Kaseya (VSA),%localappdata%\Kaseya\Log\KaseyaLiveConnect\*,C:\Users\*\AppData\Local\Kaseya\Log\KaseyaLiveConnect\*,Windows,Windows,,Kaseya Live Connect logs
kaseya,Kaseya (VSA),~/Library/Logs/com.kaseya/KaseyaLiveConnect/*,~/Library/Logs/com.kaseya/KaseyaLiveConnect/*,MacOS,MacOS,,Kaseya Live Connect logs
kaseya,Kaseya (VSA),C:\ProgramData\Kaseya\Log\Endpoint\*,C:\ProgramData\Kaseya\Log\Endpoint\*,Windows,Windows,,Kaseya Endpoint logs
kaseya,Kaseya (VSA),C:\Program Files*\Kaseya\*\agentmon.log,C:\Program Files*\Kaseya\*\agentmon.log,Windows,Windows,,Kaseya Agent Monitor log
kaseya,Kaseya (VSA),/var/log/system.log,/var/log/system.log,MacOS 32bit,MacOS,,Kaseya Agent Monitor log
kaseya,Kaseya (VSA),~/opt/kaseya/*/logs*,~/opt/kaseya/*/logs*,MacOS 64bit,MacOS,,Kaseya Agent Monitor log
kaseya,Kaseya (VSA),C:\Users\*\AppData\Local\Temp\KASetup.log,C:\Users\*\AppData\Local\Temp\KASetup.log,Windows,Windows,,Kaseya Setup log in user temp directory
kaseya,Kaseya (VSA),C:\Windows\Temp\KASetup.log,C:\Windows\Temp\KASetup.log,Windows,Windows,,Kaseya Setup log in Windows temp directory
kaseya,Kaseya (VSA),C:\ProgramData\Kaseya\Log\KaseyaEdgeServices\*,C:\ProgramData\Kaseya\Log\KaseyaEdgeServices\*,Windows,Windows,,Kaseya Edge Services logs
kaseya,Kaseya (VSA),C:\Kaseya\api\v1.0\logs\,C:\Kaseya\api\v1.0\logs\,Windows,Windows,,Kaseya API logs
kaseya,Kaseya (VSA),C:\Kaseya\api\v1.5\endpoint\logs,C:\Kaseya\api\v1.5\endpoint\logs,Windows,Windows,,Kaseya API logs
kaseya,Kaseya (VSA),C:\Kaseya\api\v1.5\endpoints\logs,C:\Kaseya\api\v1.5\endpoints\logs,Windows,Windows,,Kaseya API logs
kaseya,Kaseya (VSA),C:\Windows\System32\config\systemprofile\AppData\Local\Kaseya\Log\MakeSelfSignedCert.exe\,C:\Windows\System32\config\systemprofile\AppData\Local\Kaseya\Log\MakeSelfSignedCert.exe\,Windows,Windows,,Certificate creation
kaseya,Kaseya (VSA),C:\Kaseya\WebPages\install\makecert.txt,C:\Kaseya\WebPages\install\makecert.txt,Windows,Windows,,Certificate creation
kaseya,Kaseya (VSA),C:\ProgramData\Kaseya\Log\Endpoint\Instance_*\KaseyaEndpoint*,C:\ProgramData\Kaseya\Log\Endpoint\Instance_*\KaseyaEndpoint*,Windows,Windows,,Endpoint service logs
kaseya,Kaseya (VSA),C:\ProgramData\Kaseya\Log\Endpoint\Instance_*\Session_*,C:\ProgramData\Kaseya\Log\Endpoint\Instance_*\Session_*,Windows,Windows,,Session logs
level,Level,C:\Program Files\Level\level.exe,C:\Program Files\Level\level.exe,Windows,Windows,,Level Binary
level,Level,C:\Program Files\Level\osqueryi.exe,C:\Program Files\Level\osqueryi.exe,Windows,Windows,,A tool used by level to collect machine state information.
level,Level,C:\Program Files\Level\level.log,C:\Program Files\Level\level.log,Windows,Windows,,Client log file for Level.
levelio,Level.io,C:\Program Files\Level\level.exe,C:\Program Files\Level\level.exe,Windows,Windows,,Level Binary
levelio,Level.io,C:\Program Files\Level\osqueryi.exe,C:\Program Files\Level\osqueryi.exe,Windows,Windows,,A tool used by level to collect machine state information.
levelio,Level.io,C:\Program Files\Level\level.log,C:\Program Files\Level\level.log,Windows,Windows,,Client log file for Level.
lunixar,Lunixar,C:\Program Files\Lunixar\Lunixar.dll,C:\Program Files\Lunixar\Lunixar.dll,Windows,Windows,,Main agent DLL
lunixar,Lunixar,C:\Program Files\Lunixar\Lunixar.Agent.Core.dll,C:\Program Files\Lunixar\Lunixar.Agent.Core.dll,Windows,Windows,,Agent core library
lunixar,Lunixar,C:\Program Files\Lunixar\LunixarRemote.exe,C:\Program Files\Lunixar\LunixarRemote.exe,Windows,Windows,,Remote access executable
lunixar,Lunixar,C:\Program Files\Lunixar\LunixarRemote.dll,C:\Program Files\Lunixar\LunixarRemote.dll,Windows,Windows,,Remote access library
lunixar,Lunixar,C:\Program Files\Lunixar\LunixarUpdater.exe,C:\Program Files\Lunixar\LunixarUpdater.exe,Windows,Windows,,Auto-updater executable
lunixar,Lunixar,C:\Program Files\Lunixar\LunixarUpdater.dll,C:\Program Files\Lunixar\LunixarUpdater.dll,Windows,Windows,,Auto-updater library
manageengine_servicedesk_plus,ManageEngine ServiceDesk Plus,C:\Program Files\ManageEngine\ServiceDesk\*,C:\Program Files\ManageEngine\ServiceDesk\*,Windows,Windows,,ManageEngine ServiceDesk Plus installation directory (verified via VirusTotal sandbox)
manageengine_servicedesk_plus,ManageEngine ServiceDesk Plus,C:\Users\*\AppData\Local\Temp\{*}\ManageEngine_ServiceDesk_Plus.exe,C:\Users\*\AppData\Local\Temp\{*}\ManageEngine_ServiceDesk_Plus.exe,Windows,Windows,,ManageEngine ServiceDesk Plus temporary installer files (verified via VirusTotal sandbox)
manageengine_servicedesk_plus,ManageEngine ServiceDesk Plus,C:\Users\*\AppData\Local\Temp\{*}\ISBEW64.exe,C:\Users\*\AppData\Local\Temp\{*}\ISBEW64.exe,Windows,Windows,,InstallShield wrapper temporary files (verified via VirusTotal sandbox)
meshcentral,MeshCentral,C:\Program Files\Mesh Agent\MeshAgent.exe,C:\Program Files\Mesh Agent\MeshAgent.exe,Windows,Windows,,Local MeshAgent service binary after installation
meshcentral,MeshCentral,C:\Program Files\Mesh Agent\MeshAgent.msh,C:\Program Files\Mesh Agent\MeshAgent.msh,Windows,Windows,,"Local MeshAgent service configuration file. Contains configuration settings including the MeshCentral server address, port, and other settings. If the MeshAgent is run without being installed, the configuration file is created in the same directory as the MeshAgent binary."
meshcentral,MeshCentral,/usr/local/mesh_services/meshagent/meshagent/meshagent,/usr/local/mesh_services/meshagent/meshagent/meshagent,MacOS,MacOS,,Local MeshAgent service binary after installation
meshcentral,MeshCentral,/usr/local/mesh_services/meshagent/meshagent/meshagent.db,/usr/local/mesh_services/meshagent/meshagent/meshagent.db,MacOS,MacOS,,Local Meshagent database after installation
meshcentral,MeshCentral,/usr/local/mesh_services/meshagent/meshagent/meshagent.msh,/usr/local/mesh_services/meshagent/meshagent/meshagent.msh,MacOS,MacOS,,Local Meshagent databconfiguration file after installation
meshcentral,MeshCentral,/usr/local/mesh_services/meshagent/meshagent,/usr/local/mesh_services/meshagent/meshagent,Linux,Linux,,Local MeshAgent service binary after installation
meshcentral,MeshCentral,/usr/local/mesh_services/meshagent/meshagent.db,/usr/local/mesh_services/meshagent/meshagent.db,Linux,Linux,,Local Meshagent database after installation
meshcentral,MeshCentral,/usr/local/mesh_services/meshagent/meshagent.msh,/usr/local/mesh_services/meshagent/meshagent.msh,Linux,Linux,,Local Meshagent databconfiguration file after installation
miradore,Miradore,C:\Program Files\Miradore\OnlineClient\bin\*,C:\Program Files\Miradore\OnlineClient\bin\*,Windows,Windows,,Miradore client installation directory (verified via VirusTotal sandbox analysis)
miradore,Miradore,C:\Program Files\Miradore\OnlineClient\bin\7z.dll,C:\Program Files\Miradore\OnlineClient\bin\7z.dll,Windows,Windows,,Miradore compression library (verified via VirusTotal sandbox analysis)
monitic,Monitic,C:\Program Files\Monitic\agent.exe,C:\Program Files\Monitic\agent.exe,Windows,Windows,,Monitic primary agent SYSTEM service binary (RustDesk + kopia bundle)
monitic,Monitic,C:\Program Files\Monitic\amon.exe,C:\Program Files\Monitic\amon.exe,Windows,Windows,,"Monitic monitor / watchdog SYSTEM service binary (Go, ~6 MB)"
monitic,Monitic,C:\Program Files\Monitic\conf.json,C:\Program Files\Monitic\conf.json,Windows,Windows,,Per-tenant configuration file fetched from https://api.monitic.com/api/ext/get-config?t=<token> during install (referenced explicitly by agent_installer.bat)
monitic,Monitic,C:\Program Files\Monitic\*,C:\Program Files\Monitic\*,Windows,Windows,,"Monitic install directory — created/cleared by agent_installer.bat (`del /q ""C:\Program Files\Monitic\*""`) and populated from installer.zip"
monitic,Monitic,%USERPROFILE%\Desktop\MoniticInstaller.exe,C:\Users\*\Desktop\MoniticInstaller.exe,Windows,Windows,,Bootstrap installer download location when fetched manually from https://app.monitic.com/MoniticInstaller.exe (typical install layout — observed in CAPE/Zenbox sandbox traces)
monitic,Monitic,%TEMP%\*\agent_installer.bat,C:\Users\*\AppData\Local\Temp\*\agent_installer.bat,Windows,Windows,,Silent installer batch script — extracted to a temp directory before execution (observed path C:\Users\<user>\AppData\Local\Temp\<random>\agent_installer.bat)
monitic,Monitic,%TEMP%\*\amon.exe,C:\Users\*\AppData\Local\Temp\*\amon.exe,Windows,Windows,,Stage-1 amon.exe drop location (observed at C:\Users\user\AppData\Local\Temp\vx1nkas2.1am\amon.exe before move to Program Files)
monitic,Monitic,%TEMP%\*\agent.exe,C:\Users\*\AppData\Local\Temp\*\agent.exe,Windows,Windows,,Stage-1 agent.exe drop location (observed at C:\Users\user\AppData\Local\Temp\vx1nkas2.1am\agent.exe before move to Program Files)
monitic,Monitic,%CD%\installer.zip,%CD%\installer.zip,Windows,Windows,,~58 MB ZIP downloaded from https://api.monitic.com/api/ext/download-installer?t=<token> via `powershell (New-Object Net.WebClient).DownloadFile(...)` — extracted to C:\Program Files\Monitic\ via `[IO.Compression.ZipFile]::ExtractToDirectory()` then deleted (observed sha256 5a5303d57956589d2b6b27e70f8a2c9cb91b17954a3e52caf4549dd4e0863404)
monitic,Monitic,%CD%\conf.json,%CD%\conf.json,Windows,Windows,,Transient configuration file downloaded from https://api.monitic.com/api/ext/get-config?t=<token> by agent_installer.bat then `copy`-ed to C:\Program Files\Monitic\conf.json and deleted from working directory
mousewithoutborders,Mouse Without Borders,C:\Program Files (x86)\Microsoft Garage\Mouse without Borders\MouseWithoutBorders.exe,C:\Program Files (x86)\Microsoft Garage\Mouse without Borders\MouseWithoutBorders.exe,Windows,Windows,,Main application binary
mousewithoutborders,Mouse Without Borders,C:\Program Files (x86)\Microsoft Garage\Mouse without Borders\MouseWithoutBordersSvc.exe,C:\Program Files (x86)\Microsoft Garage\Mouse without Borders\MouseWithoutBordersSvc.exe,Windows,Windows,,Optional service binary when Service Mode is enabled
mousewithoutborders,Mouse Without Borders,C:\Program Files (x86)\Microsoft Garage\Mouse without Borders\MouseWithoutBordersHelper.exe,C:\Program Files (x86)\Microsoft Garage\Mouse without Borders\MouseWithoutBordersHelper.exe,Windows,Windows,,Helper executable used by Mouse Without Borders
mremoteng,mRemoteNG,C:\Users\*\AppData\Roaming\mRemoteNG\mRemoteNG.log,C:\Users\*\AppData\Roaming\mRemoteNG\mRemoteNG.log,Windows,Windows,,mRemoteNG log file
mremoteng,mRemoteNG,C:\Users\*\AppData\Roaming\mRemoteNG\confCons.xml,C:\Users\*\AppData\Roaming\mRemoteNG\confCons.xml,Windows,Windows,,mRemoteNG configuration file
mremoteng,mRemoteNG,C:\Users\*\AppData\*\mRemoteNG\**10\user.config,C:\Users\*\AppData\*\mRemoteNG\**10\user.config,Windows,Windows,,mRemoteNG user configuration file
netbird,NetBird,C:\Program Files\Netbird\netbird.exe,C:\Program Files\Netbird\netbird.exe,Windows,Windows,,NetBird client installation directory
netbird,NetBird,C:\ProgramData\Netbird\config.json,C:\ProgramData\Netbird\config.json,Windows,Windows,,NetBird configuration file
netbird,NetBird,/etc/netbird/config.json,/etc/netbird/config.json,Linux,Linux,,NetBird configuration file
netbird,NetBird,/var/log/netbird/*,/var/log/netbird/*,Linux,Linux,,NetBird log files
netlock_rmm,NetLock RMM,C:\temp\netlock rmm\installer\logs\*,C:\temp\netlock rmm\installer\logs\*,Windows,Windows,,Debug and error logs related to installation
netlock_rmm,NetLock RMM,C:\ProgramData\0x101 Cyber Security\NetLock RMM\Comm Agent\server_config.json,C:\ProgramData\0x101 Cyber Security\NetLock RMM\Comm Agent\server_config.json,Windows,Windows,,Server Configuration File
netlock_rmm,NetLock RMM,/etc/systemd/system/netlock-rmm-agent-comm.service,/etc/systemd/system/netlock-rmm-agent-comm.service,Linux,Linux,,Netlock RMM Agent comm agent service
netlock_rmm,NetLock RMM,/Library/LaunchDaemons/com.netlock.rmm.agentcomm.plist,/Library/LaunchDaemons/com.netlock.rmm.agentcomm.plist,macOS,MacOS,,macOS LaunchDaemon plist File
netlock_rmm,NetLock RMM,/var/log/netlock-rmm-agent-comm.log,/var/log/netlock-rmm-agent-comm.log,Linux,Linux,,RMM agent comm log (Non-Windows)
nvda,NVDA (Non-Visual Desktop Access),C:\Program Files (x86)\NVDA\nvda.exe,C:\Program Files (x86)\NVDA\nvda.exe,Windows,Windows,,NVDA installation directory
nvda,NVDA (Non-Visual Desktop Access),C:\Program Files\NVDA\nvda.exe,C:\Program Files\NVDA\nvda.exe,Windows,Windows,,NVDA installation directory (64-bit)
nvda,NVDA (Non-Visual Desktop Access),C:\Users\*\AppData\Roaming\nvda\nvda.log,C:\Users\*\AppData\Roaming\nvda\nvda.log,Windows,Windows,,NVDA log file
nvda,NVDA (Non-Visual Desktop Access),C:\Users\*\AppData\Roaming\nvda\nvda.ini,C:\Users\*\AppData\Roaming\nvda\nvda.ini,Windows,Windows,,NVDA configuration file
parsec,Parsec,C:\Program Files\Parsec\parsecd.exe,C:\Program Files\Parsec\parsecd.exe,Windows,Windows,,Main parsec executable
parsec,Parsec,C:\Program Files\Parsec\pservice.exe,C:\Program Files\Parsec\pservice.exe,Windows,Windows,,Background service managing input devices
parsec,Parsec,C:\Program Files\Parsec\teams.exe,C:\Program Files\Parsec\teams.exe,Windows,Windows,,Parsec for teams collaboration and user session management
pchelpware,PChelpware,C:\temp_phw,C:\temp_phw,Windows,Windows,,Folder that is created upon PcHelpWare execution
pdq_connect,PDQ Connect,C:\ProgramData\PDQ\PDQConnectAgent\PDQConnectAgent.db-journal,C:\ProgramData\PDQ\PDQConnectAgent\PDQConnectAgent.db-journal,Windows,Windows,,Journal file that is part of the database system used by the PDQ Connect Agent to manage and store data related to its operations
radmin,RAdmin,C:\Windows\SysWOW64\rserver30\Radm_log.htm,C:\Windows\SysWOW64\rserver30\Radm_log.htm,Windows,Windows,,RAdmin log file (32-bit)
radmin,RAdmin,C:\Windows\System32\rserver30\Radm_log.htm,C:\Windows\System32\rserver30\Radm_log.htm,Windows,Windows,,RAdmin log file (64-bit)
radmin,RAdmin,C:\Windows\System32\rserver30\CHATLOGS\*\*.htm,C:\Windows\System32\rserver30\CHATLOGS\*\*.htm,Windows,Windows,,RAdmin chat logs
radmin,RAdmin,C:\Users\*\Documents\ChatLogs\*\*.htm,C:\Users\*\Documents\ChatLogs\*\*.htm,Windows,Windows,,RAdmin user chat logs
rdclient,RdClient,%APPDATA%\RdClient\*,C:\Users\*\AppData\Roaming\RdClient\*,Windows,Windows,,
remoteripple,Remote Ripple,%APPDATA%\GlavSoft\RemoteRipple\*,C:\Users\*\AppData\Roaming\GlavSoft\RemoteRipple\*,Windows,Windows,,Log files for RemoteRipple
remoteripple,Remote Ripple,%TEMP%\Remote_Ripple_*,C:\Users\*\AppData\Local\Temp\Remote_Ripple_*,Windows,Windows,,Temporary files/logs for RemoteRipple
remsupp,RemSupp,C:\Users\*\AppData\Local\Programs\RemSupp\RemSupp.exe,C:\Users\*\AppData\Local\Programs\RemSupp\RemSupp.exe,Windows,Windows,,Main RemSupp executable (Electron 36 / Chromium-based)
remsupp,RemSupp,C:\Users\*\AppData\Local\Programs\RemSupp\Uninstall RemSupp.exe,C:\Users\*\AppData\Local\Programs\RemSupp\Uninstall RemSupp.exe,Windows,Windows,,RemSupp uninstaller
remsupp,RemSupp,C:\Users\*\AppData\Roaming\Microsoft\Windows\Start Menu\Programs\RemSupp.lnk,C:\Users\*\AppData\Roaming\Microsoft\Windows\Start Menu\Programs\RemSupp.lnk,Windows,Windows,,Start menu shortcut
remsupp,RemSupp,C:\Users\*\AppData\Roaming\RemSupp\Local State,C:\Users\*\AppData\Roaming\RemSupp\Local State,Windows,Windows,,Application local state file
remsupp,RemSupp,C:\Users\*\AppData\Roaming\RemSupp\Preferences,C:\Users\*\AppData\Roaming\RemSupp\Preferences,Windows,Windows,,Application preferences file
remsupp,RemSupp,C:\Users\*\AppData\Roaming\RemSupp\chromium.log,C:\Users\*\AppData\Roaming\RemSupp\chromium.log,Windows,Windows,,Chromium log file
remsupp,RemSupp,C:\Users\*\AppData\Roaming\RemSupp\Crashpad\metadata,C:\Users\*\AppData\Roaming\RemSupp\Crashpad\metadata,Windows,Windows,,Crashpad metadata
remsupp,RemSupp,C:\Users\*\AppData\Roaming\RemSupp\Crashpad\settings.dat,C:\Users\*\AppData\Roaming\RemSupp\Crashpad\settings.dat,Windows,Windows,,Crashpad settings
remsupp,RemSupp,C:\Users\*\AppData\Roaming\RemSupp\Local Storage\leveldb\*,C:\Users\*\AppData\Roaming\RemSupp\Local Storage\leveldb\*,Windows,Windows,,Local storage LevelDB artifacts
remsupp,RemSupp,C:\Users\*\AppData\Roaming\RemSupp\sentry\queue\queue.json,C:\Users\*\AppData\Roaming\RemSupp\sentry\queue\queue.json,Windows,Windows,,Sentry queue artifact
remsupp,RemSupp,C:\Users\*\AppData\Roaming\RemSupp\sentry\scope_v3.json,C:\Users\*\AppData\Roaming\RemSupp\sentry\scope_v3.json,Windows,Windows,,Sentry scope artifact
remsupp,RemSupp,C:\Users\*\AppData\Roaming\RemSupp\sentry\session.json,C:\Users\*\AppData\Roaming\RemSupp\sentry\session.json,Windows,Windows,,Sentry session artifact
remsupp,RemSupp,C:\Users\*\AppData\Roaming\RemSupp\quitAndInstall.json,C:\Users\*\AppData\Roaming\RemSupp\quitAndInstall.json,Windows,Windows,,Updater state artifact
rodexrmm,Rodex RMM,RodexAgent.exe,RodexAgent.exe,Windows,Windows,,"Rodex Go-based agent binary, ~7.3 MB. Unsigned. Multiple decoy filenames observed in the wild — match on the binary's PE version-block strings or authentihash rather than filename."
rodexrmm,Rodex RMM,C:\Windows\<random-6-9-char>.exe,C:\Windows\<random-6-9-char>.exe,Windows,Windows,,Stage-1 drop location pattern observed across multiple campaigns delivering RodexAgent.exe under random hex / lowercase filenames.
rodexrmm,Rodex RMM,<impersonated-org>Agent.exe,<impersonated-org>Agent.exe,Windows,Windows,,"Decoy installer naming pattern — RodexAgent.exe wrapped or renamed to look like a legitimate organisation's installer (PROSEGURAgent.exe, FundacinAdsisAgent.exe, Daleph-Install-Default.exe, SifemInstall.exe, AdobepluginD3238-Install-Default.exe, AccessWinRAR.exe, InvitationCard.exe observed in VirusTotal corpus)."
rustdesk,RustDesk,C:\Windows\ServiceProfiles\LocalService\AppData\Roaming\RustDesk\*,C:\Windows\ServiceProfiles\LocalService\AppData\Roaming\RustDesk\*,Windows,Windows,,N/A
screenconnect,ScreenConnect,C:\Program Files*\ScreenConnect\App_Data\Session.db,C:\Program Files*\ScreenConnect\App_Data\Session.db,Windows,Windows,,ScreenConnect session database
screenconnect,ScreenConnect,C:\Program Files*\ScreenConnect\App_Data\User.xml,C:\Program Files*\ScreenConnect\App_Data\User.xml,Windows,Windows,,ScreenConnect user configuration
screenconnect,ScreenConnect,C:\ProgramData\ScreenConnect Client*\user.config,C:\ProgramData\ScreenConnect Client*\user.config,Windows,Windows,,ScreenConnect client user configuration
simplehelp,SimpleHelp,C:\ProgramData\JWrapper-Remote Access\,C:\ProgramData\JWrapper-Remote Access\,Windows,Windows,,"Default SimpleHelp ""Remote Access"" service installation directory observed in Huntress reporting on Crazy ransomware operations."
simplehelp,SimpleHelp,%APPDATA%\JWrapper-SimpleSetup\,C:\Users\*\AppData\Roaming\JWrapper-SimpleSetup\,Windows,Windows,,"SimpleHelp customer-side setup/wrapper directory dropped by the SimpleSetup installer (e.g. windowslauncher.exe, SimpleSetupECompatibility.exe)."
splashtop,Splashtop,C:\windows\System32\winevt\Logs\Splashtop-Splashtop Streamer-Status%4Operational.evtx,C:\windows\System32\winevt\Logs\Splashtop-Splashtop Streamer-Status%4Operational.evtx,Windows,Windows,,N/A
splashtop,Splashtop,C:\windows\System32\winevt\Logs\Splashtop-Splashtop Streamer-Remote Session%4Operational.evtx,C:\windows\System32\winevt\Logs\Splashtop-Splashtop Streamer-Remote Session%4Operational.evtx,Windows,Windows,,N/A
splashtop,Splashtop,%PROGRAMDATA%\Splashtop\Temp\log\FTCLog.txt,C:\ProgramData\Splashtop\Temp\log\FTCLog.txt,Windows,Windows,,N/A
splashtop,Splashtop,C:\Program Files (x86)\Splashtop\Splashtop Remote\Server\log\agent_log.txt,C:\Program Files (x86)\Splashtop\Splashtop Remote\Server\log\agent_log.txt,Windows,Windows,,N/A
splashtop,Splashtop,C:\Program Files (x86)\Splashtop\Splashtop Remote\Server\log\SPLog.txt,C:\Program Files (x86)\Splashtop\Splashtop Remote\Server\log\SPLog.txt,Windows,Windows,,N/A
splashtop,Splashtop,C:\Program Files (x86)\Splashtop\Splashtop Remote\Server\log\svcinfo.txt,C:\Program Files (x86)\Splashtop\Splashtop Remote\Server\log\svcinfo.txt,Windows,Windows,,N/A
splashtop,Splashtop,C:\Program Files (x86)\Splashtop\Splashtop Remote\Server\log\sysinfo.txt,C:\Program Files (x86)\Splashtop\Splashtop Remote\Server\log\sysinfo.txt,Windows,Windows,,N/A
splashtop,Splashtop,C:\Program Files (x86)\Splashtop\Splashtop Remote\Server\SRService.exe,C:\Program Files (x86)\Splashtop\Splashtop Remote\Server\SRService.exe,Windows,Windows,,Splashtop Remote Service
splashtop,Splashtop,C:\Program Files (x86)\Splashtop\Splashtop Remote\Server\SRAgent.exe,C:\Program Files (x86)\Splashtop\Splashtop Remote\Server\SRAgent.exe,Windows,Windows,,SplashTop Remote Agent
splashtop,Splashtop,C:\Program Files (x86)\Splashtop\Splashtop Software Updater\SSUAgent.exe,C:\Program Files (x86)\Splashtop\Splashtop Software Updater\SSUAgent.exe,Windows,Windows,,Splashtop Updater
splashtop,Splashtop,C:\Program Files (x86)\Splashtop\Splashtop Remote\Server\SRUtility.exe,C:\Program Files (x86)\Splashtop\Splashtop Remote\Server\SRUtility.exe,Windows,Windows,,N/A
splashtop,Splashtop,C:\Program Files (x86)\Splashtop\Splashtop Remote\Server\SRFeature.exe,C:\Program Files (x86)\Splashtop\Splashtop Remote\Server\SRFeature.exe,Windows,Windows,,N/A
splashtop,Splashtop,C:\Program Files (x86)\Splashtop\Splashtop Remote\Server\db\SRAgent.sqlite3,C:\Program Files (x86)\Splashtop\Splashtop Remote\Server\db\SRAgent.sqlite3,Windows,Windows,,N/A
teamviewer,TeamViewer,C:\Users\<username>\AppData\Local\Temp\TeamViewer\TV15Install.log,C:\Users\<username>\AppData\Local\Temp\TeamViewer\TV15Install.log,Windows,Windows,,N/A
teamviewer,TeamViewer,TeamViewer\d\d_Logfile\.log,TeamViewer\d\d_Logfile\.log,Windows,Windows,Regex,N/A
teamviewer,TeamViewer,C:\Program Files\TeamViewer\Connections_incoming.txt,C:\Program Files\TeamViewer\Connections_incoming.txt,Windows,Windows,,N/A
teamviewer,TeamViewer,C:\Program Files\TeamViewer\TVNetwork.log,C:\Program Files\TeamViewer\TVNetwork.log,Windows,Windows,,N/A
teamviewer,TeamViewer,%LOCALAPPDATA%\Temp\TeamViewer\TV15Install.log,C:\Users\*\AppData\Local\Temp\TeamViewer\TV15Install.log,Windows,Windows,,N/A
teamviewer,TeamViewer,%APPDATA%\\TeamViewer\\TeamViewer\d\d_Logfile\.log,C:\Users\*\AppData\Roaming\\TeamViewer\\TeamViewer\d\d_Logfile\.log,Windows,Windows,Regex,N/A
teamviewer,TeamViewer,teamviewerqs.exe,teamviewerqs.exe,Windows,Windows,,N/A
teamviewer,TeamViewer,tv_w32.exe,tv_w32.exe,Windows,Windows,,N/A
teamviewer,TeamViewer,tv_w64.exe,tv_w64.exe,Windows,Windows,,N/A
teamviewer,TeamViewer,tv_x64.exe,tv_x64.exe,Windows,Windows,,N/A
teamviewer,TeamViewer,teamviewer.exe,teamviewer.exe,Windows,Windows,,N/A
teamviewer,TeamViewer,teamviewer_service.exe,teamviewer_service.exe,Windows,Windows,,N/A
teamviewer,TeamViewer,%LOCALAPPDATA%\TeamViewer\Database\tvchatfilecache.db,C:\Users\*\AppData\Local\TeamViewer\Database\tvchatfilecache.db,Windows,Windows,,SQlite 3 database storing cache about TeamViewer chat
teamviewer,TeamViewer,%LOCALAPPDATA%\TeamViewer\RemotePrinting\tvprint.db,C:\Users\*\AppData\Local\TeamViewer\RemotePrinting\tvprint.db,Windows,Windows,,SQlite 3 database storing TeamViewer print jobs
teamviewer,TeamViewer,%PROGRAMDATA%\Microsoft\Windows\Start Menu\Programs\TeamViewer.lnk,C:\ProgramData\Microsoft\Windows\Start Menu\Programs\TeamViewer.lnk,Windows,Windows,,N/A
teamviewer,TeamViewer,C:\Program Files*\TeamViewer\connections*.txt,C:\Program Files*\TeamViewer\connections*.txt,Windows,Windows,,N/A
teamviewer,TeamViewer,C:\Users\*\AppData\Roaming\TeamViewer\MRU\RemoteSupport\*tvc,C:\Users\*\AppData\Roaming\TeamViewer\MRU\RemoteSupport\*tvc,Windows,Windows,,N/A
teramind,Teramind,C:\ProgramData\{4CEC2908-5CE4-48F0-A717-8FC833D8017A}\*,C:\ProgramData\{4CEC2908-5CE4-48F0-A717-8FC833D8017A}\*,Windows,Windows,,Teramind Hidden / Stealth agent root install directory; named with a fixed product GUID. Vendor docs explicitly call this the verification path for confirming hidden-agent installation. Override via TMROOTDIR installer parameter.
teramind,Teramind,C:\ProgramData\{4CEC2908-5CE4-48F0-A717-8FC833D8017A}\config,C:\ProgramData\{4CEC2908-5CE4-48F0-A717-8FC833D8017A}\config,Windows,Windows,,Teramind Hidden agent configuration directory
teramind,Teramind,C:\ProgramData\{4CEC2908-5CE4-48F0-A717-8FC833D8017A}\updates\rundll32.exe.config,C:\ProgramData\{4CEC2908-5CE4-48F0-A717-8FC833D8017A}\updates\rundll32.exe.config,Windows,Windows,,"Teramind agent update staging artifact (.NET app.config sidecar) — directly observed as a Teramind-domain downloaded file in VirusTotal infrastructure data; the rundll32.exe filename is the renamed updater binary, not the legitimate Microsoft rundll32."
teramind,Teramind,C:\ProgramData\Teramind Agent\*,C:\ProgramData\Teramind Agent\*,Windows,Windows,,Teramind Revealed agent root install directory (typical install layout)
teramind,Teramind,C:\ProgramData\Teramind Agent\config,C:\ProgramData\Teramind Agent\config,Windows,Windows,,Teramind Revealed agent configuration directory
teramind,Teramind,C:\ProgramData\Teramind Agent\<version>\{6D99445F-F40F-45CB-B433-06302DAE6C70}\tmagentsvc.exe,C:\ProgramData\Teramind Agent\<version>\{6D99445F-F40F-45CB-B433-06302DAE6C70}\tmagentsvc.exe,Windows,Windows,,"Teramind agent Windows service binary; vendor-documented exact image path (version directory varies by release, e.g. 24.12.0). Invoked with --service / -service."
teramind,Teramind,C:\ProgramData\Package Cache\.unverified\agent,C:\ProgramData\Package Cache\.unverified\agent,Windows,Windows,,WiX bundle cache copy of the Teramind agent MSI; observed across multiple Teramind MSI submissions in VirusTotal infrastructure data.
teramind,Teramind,teramind_agent_*_bundle_noredist_setup.msi,teramind_agent_*_bundle_noredist_setup.msi,Windows,Windows,,"Teramind agent installer MSI; vendor enforces a fixed filename pattern and refuses to run if renamed. Observed signed variants include teramind_agent_v25.34.2799_bundle_noredist_setup.msi, teramind_agent_v25.31.2935_bundle_noredist_setup.msi, teramind_agent_v24.13.19_bundle_noredist_setup.msi, teramind_agent_v26.8.183_bundle_noredist_setup.msi."
teramind,Teramind,teramind_agent_*_x64.msi,teramind_agent_*_x64.msi,Windows,Windows,,"Teramind agent installer MSI (x64 variant) — observed naming pattern teramind_agent_x64.msi, teramind_agent_v5.0.0_x64.msi, teramind_agent_x64_s-i(__<hash>).msi where the trailing parenthesised value is the per-tenant install identifier."
teramind,Teramind,teramind_agent_*_ARM64.msi,teramind_agent_*_ARM64.msi,Windows,Windows,,"Teramind agent installer MSI (ARM64) — observed signed variants include teramind_agent_v26.8.183_ARM64.msi, teramind_agent_v26.8.183_ARM64_popup.msi, teramind_agent_v26.8.183_bundle_drivers_ARM64.msi."
teramind,Teramind,C:\Windows\Installer\*.msi,C:\Windows\Installer\*.msi,Windows,Windows,,Cached MSI in the standard Windows Installer cache (e.g. C:\Windows\Installer\46a573.msi observed for a Teramind install); content-identical to the original teramind_agent_*.msi
teramind,Teramind,tmagent-i(__<hash>).pkg,tmagent-i(__<hash>).pkg,MacOS,MacOS,,Teramind macOS agent PKG installer; vendor enforces a fixed filename pattern. Per-tenant identifier embedded as -i(__<hash>); renamed installers are rejected.
teramind,Teramind,teramind_agent_*_hidden-do(<domain>).pkg,teramind_agent_*_hidden-do(<domain>).pkg,MacOS,MacOS,,"Teramind macOS hidden-agent PKG installer with the deployment-domain installer parameter -do(<tenant>) baked into the filename, e.g. teramind_agent_v1.235.4632_hidden-do(acme.com).pkg"
teramind,Teramind,/usr/local/teramind/agent/bin/tmsysd,/usr/local/teramind/agent/bin/tmsysd,MacOS,MacOS,,Teramind macOS agent daemon binary
teramind,Teramind,/usr/local/teramind/agent/etc/,/usr/local/teramind/agent/etc/,MacOS,MacOS,,Teramind macOS agent configuration directory
teramind,Teramind,/Applications/Teramind Agent.app,/Applications/Teramind Agent.app,MacOS,MacOS,,Teramind Revealed macOS agent app bundle
teramind,Teramind,/Applications/tmagent.app,/Applications/tmagent.app,MacOS,MacOS,,Teramind Hidden macOS agent app bundle
teramind,Teramind,tmui,tmui,MacOS,MacOS,,Teramind Revealed-agent macOS UI component
teramind,Teramind,Teramind.Setup.Updater.exe,Teramind.Setup.Updater.exe,Windows,Windows,,"Teramind agent updater shim binary (.NET, signed by Teramind Inc.); contacts https://www.teramind.co/d/check?v=<version>&s=1&arch=<arch> on launch and downloads update-shim.exe from https://www.teramind.co/d/update-shim.exe"
teramind,Teramind,tmdiag.zip,tmdiag.zip,Windows,Windows,,Teramind diagnostic-bundle archive served from teramind.co; collected by the agent for vendor support
tiflux,TiFLUX,C:\Program Files (x86)\TiFLUX\TiService.exe,C:\Program Files (x86)\TiFLUX\TiService.exe,Windows,Windows,,TiFLUX SYSTEM service binary; persists agent and re-spawns helpers
tiflux,TiFLUX,C:\Program Files (x86)\TiFLUX\TiUpdateService.exe,C:\Program Files (x86)\TiFLUX\TiUpdateService.exe,Windows,Windows,,TiFLUX updater service binary
tiflux,TiFLUX,C:\Program Files (x86)\TiFLUX\TiUpdateService.exe.config,C:\Program Files (x86)\TiFLUX\TiUpdateService.exe.config,Windows,Windows,,Updater service .NET config file
tiflux,TiFLUX,C:\Program Files (x86)\TiFLUX\si.exe,C:\Program Files (x86)\TiFLUX\si.exe,Windows,Windows,,Silent helper launched from cmd.exe /c start /MIN by the service
tiflux,TiFLUX,C:\Program Files (x86)\TiFLUX\si.pdb,C:\Program Files (x86)\TiFLUX\si.pdb,Windows,Windows,,PDB symbol file shipped alongside si.exe (information disclosure)
tiflux,TiFLUX,C:\Program Files (x86)\TiFLUX\TiUpdateService.pdb,C:\Program Files (x86)\TiFLUX\TiUpdateService.pdb,Windows,Windows,,PDB symbol file shipped alongside TiUpdateService.exe
tiflux,TiFLUX,C:\Program Files (x86)\TiFLUX\desktop\TiAgent.exe,C:\Program Files (x86)\TiFLUX\desktop\TiAgent.exe,Windows,Windows,,TiAgent user-mode tray application
tiflux,TiFLUX,C:\Program Files (x86)\TiFLUX\desktop\TiAgent.exe.config,C:\Program Files (x86)\TiFLUX\desktop\TiAgent.exe.config,Windows,Windows,,TiAgent .NET config file
tiflux,TiFLUX,C:\Program Files (x86)\TiFLUX\desktop\TiAgent.pdb,C:\Program Files (x86)\TiFLUX\desktop\TiAgent.pdb,Windows,Windows,,PDB symbol file shipped alongside TiAgent.exe
tiflux,TiFLUX,C:\Program Files (x86)\TiFLUX\desktop\en\TiAgent.resources.dll,C:\Program Files (x86)\TiFLUX\desktop\en\TiAgent.resources.dll,Windows,Windows,,TiAgent localized resources (English)
tiflux,TiFLUX,C:\Program Files (x86)\TiFLUX\desktop\pt-BR\TiAgent.resources.dll,C:\Program Files (x86)\TiFLUX\desktop\pt-BR\TiAgent.resources.dll,Windows,Windows,,TiAgent localized resources (Brazilian Portuguese)
tiflux,TiFLUX,C:\Program Files (x86)\TiFLUX\desktop\es\TiAgent.resources.dll,C:\Program Files (x86)\TiFLUX\desktop\es\TiAgent.resources.dll,Windows,Windows,,TiAgent localized resources (Spanish)
tiflux,TiFLUX,C:\Program Files (x86)\TiFLUX\dependencies\ultravnc\*,C:\Program Files (x86)\TiFLUX\dependencies\ultravnc\*,Windows,Windows,,"Bundled UltraVNC redistributable used for inbound remote control (WinVNC.exe, VNCHooks.dll, uvnc_set.exe, uvnckeyboardhelper.exe, setupdrvmv.exe observed as bundled files in the TiFLUX MSI; subdirectory layout below)"
tiflux,TiFLUX,C:\Program Files (x86)\TiFLUX\dependencies\ultravnc\driver\xp64\driver\mv2.dll,C:\Program Files (x86)\TiFLUX\dependencies\ultravnc\driver\xp64\driver\mv2.dll,Windows,Windows,,Bundled UltraVNC mirror driver helper (directly observed install path)
tiflux,TiFLUX,C:\Program Files (x86)\TiFLUX\dependencies\7zip\7z.exe,C:\Program Files (x86)\TiFLUX\dependencies\7zip\7z.exe,Windows,Windows,,Bundled 7-Zip CLI used by the agent for extraction tasks
tiflux,TiFLUX,C:\Program Files (x86)\TiFLUX\dependencies\7zip\7z.dll,C:\Program Files (x86)\TiFLUX\dependencies\7zip\7z.dll,Windows,Windows,,Bundled 7-Zip library
tiflux,TiFLUX,C:\Program Files (x86)\TiFLUX\dependencies\7zip\7zCon.sfx,C:\Program Files (x86)\TiFLUX\dependencies\7zip\7zCon.sfx,Windows,Windows,,Bundled 7-Zip console SFX module
tiflux,TiFLUX,C:\Program Files (x86)\TiFLUX\dependencies\tar\tar.exe,C:\Program Files (x86)\TiFLUX\dependencies\tar\tar.exe,Windows,Windows,,Bundled GNU tar binary
tiflux,TiFLUX,C:\Program Files (x86)\TiFLUX\dependencies\tar\libiconv-2.dll,C:\Program Files (x86)\TiFLUX\dependencies\tar\libiconv-2.dll,Windows,Windows,,Dependency of bundled tar.exe
tiflux,TiFLUX,C:\Program Files (x86)\TiFLUX\dependencies\tar\libintl-2.dll,C:\Program Files (x86)\TiFLUX\dependencies\tar\libintl-2.dll,Windows,Windows,,Dependency of bundled tar.exe
tiflux,TiFLUX,C:\Program Files (x86)\TiFLUX\dependencies\sas_generation.reg,C:\Program Files (x86)\TiFLUX\dependencies\sas_generation.reg,Windows,Windows,,Registry payload imported during install (SAS generation)
tiflux,TiFLUX,C:\Program Files (x86)\TiFLUX\dependencies\sas_registry.reg,C:\Program Files (x86)\TiFLUX\dependencies\sas_registry.reg,Windows,Windows,,Registry payload imported during install (SAS registry)
tiflux,TiFLUX,C:\Program Files (x86)\TiFLUX\dependencies\sshHostKey.reg,C:\Program Files (x86)\TiFLUX\dependencies\sshHostKey.reg,Windows,Windows,,Registry payload imported during install (SSH host key)
tiflux,TiFLUX,C:\Program Files (x86)\TiFLUX\dependencies\safemode_reboot.reg,C:\Program Files (x86)\TiFLUX\dependencies\safemode_reboot.reg,Windows,Windows,,Registry payload imported during install (Safe Mode reboot helper)
tiflux,TiFLUX,C:\Program Files (x86)\TiFLUX\scripts\README,C:\Program Files (x86)\TiFLUX\scripts\README,Windows,Windows,,Bundled scripts README
tiflux,TiFLUX,%ProgramData%\Tiflux\*,C:\ProgramData\Tiflux\*,Windows,Windows,,TiFLUX runtime data / logs directory; referenced in vendor uninstall guidance
tmate,tmate,/tmp/tmate*,/tmp/tmate*,Linux,Linux,,tmate socket files for terminal sharing sessions
tmate,tmate,~/.tmate.conf,~/.tmate.conf,Linux,Linux,,tmate configuration file
tmate,tmate,tmate.sock,tmate.sock,Linux,Linux,,tmate socket file for session communication
tmate,tmate,tmate-ready,tmate-ready,Linux,Linux,,tmate readiness indicator file
tmate,tmate,tmate.bashrc,tmate.bashrc,Linux,Linux,,tmate bash configuration file
veyon,Veyon,C:\Windows\Temp\VeyonServer.log,C:\Windows\Temp\VeyonServer.log,Windows,Windows,,VeyonServer log file
veyon,Veyon,C:\Windows\Temp\VeyonService.log,C:\Windows\Temp\VeyonService.log,Windows,Windows,,VeyonService log file
veyon,Veyon,C:\Users\*\AppData\Local\VeyonCLI.log,C:\Users\*\AppData\Local\VeyonCLI.log,Windows,Windows,,Veyon command-line interface utility log
vizor,VIZOR,C:\Program Files (x86)\Vector\Asset Management Client\CLBOOT32.EXE,C:\Program Files (x86)\Vector\Asset Management Client\CLBOOT32.EXE,Windows,Windows,,"Vector Asset Management Client v6.0 main launcher binary (per Vector Asset Management Client v6.0 advanceduninstaller.com listing — install path ""C:\Program Files (x86)\Vector\Asset Management Client"", uninstall ProductCode {04821777-1FD1-4C1A-AC4D-BF5D4D53C34C})"
vizor,VIZOR,C:\Program Files\Vector\Asset Management Client\CLBOOT32.EXE,C:\Program Files\Vector\Asset Management Client\CLBOOT32.EXE,Windows,Windows,,"Vector Asset Management Client v5.7 main launcher binary (per Vector Asset Management Client v5.7 advanceduninstaller.com listing — install path ""C:\Program Files\Vector\Asset Management Client"", uninstall ProductCode {A40A237D-C090-4C05-8580-9DBECFE3602B})"
vizor,VIZOR,C:\Program Files (x86)\Vector\Asset Management Client\CLDIST32.EXE,C:\Program Files (x86)\Vector\Asset Management Client\CLDIST32.EXE,Windows,Windows,,Vector Asset Management Client distribution / push-deployment binary
vizor,VIZOR,C:\Program Files (x86)\Vector\Asset Management Client\CLDISTSVC.EXE,C:\Program Files (x86)\Vector\Asset Management Client\CLDISTSVC.EXE,Windows,Windows,,LANutil32 Distribution Agent — Windows service binary (software-distribution side of the Vector Asset Management Client)
vizor,VIZOR,C:\Program Files (x86)\Vector\Asset Management Client\clMeter32.exe,C:\Program Files (x86)\Vector\Asset Management Client\clMeter32.exe,Windows,Windows,,Vector Asset Management software-metering client
vizor,VIZOR,C:\Program Files (x86)\Vector\Asset Management Client\clMeterSvc.exe,C:\Program Files (x86)\Vector\Asset Management Client\clMeterSvc.exe,Windows,Windows,,Vector Asset Management software-metering Windows service
vizor,VIZOR,C:\Program Files (x86)\Vector\Asset Management Client\HTTPGet.exe,C:\Program Files (x86)\Vector\Asset Management Client\HTTPGet.exe,Windows,Windows,,Vector Asset Management HTTP download helper
vizor,VIZOR,C:\Program Files (x86)\Vector\Asset Management Client\HTTPPush.exe,C:\Program Files (x86)\Vector\Asset Management Client\HTTPPush.exe,Windows,Windows,,Vector Asset Management HTTP upload helper used to push inventory to the Vector Discovery Server / IIS endpoint
vizor,VIZOR,C:\Program Files (x86)\Vector\Asset Management Client\WINCHK32.EXE,C:\Program Files (x86)\Vector\Asset Management Client\WINCHK32.EXE,Windows,Windows,,Vector Asset Management Windows-side inventory collector (consumes winchk.dat per VirusTotal Cuckoofork sandbox observation of the parent CLBOOT32.EXE)
vizor,VIZOR,C:\Program Files (x86)\Vector\Asset Management Client\regapps.exe,C:\Program Files (x86)\Vector\Asset Management Client\regapps.exe,Windows,Windows,,Vector Asset Management installed-applications registry collector
vizor,VIZOR,C:\Program Files (x86)\Vector\Asset Management Client\lutinfow32.exe,C:\Program Files (x86)\Vector\Asset Management Client\lutinfow32.exe,Windows,Windows,,"Vector Asset Management hardware/software info collector (LANutil32 info utility, x86 build)"
vizor,VIZOR,C:\Program Files (x86)\Vector\Asset Management Client\LuSMBIOS32.exe,C:\Program Files (x86)\Vector\Asset Management Client\LuSMBIOS32.exe,Windows,Windows,,Vector Asset Management SMBIOS interrogation utility (LANutil32 SMBIOS reader)
vizor,VIZOR,C:\Program Files (x86)\Vector\Asset Management Client\LuLogon.exe,C:\Program Files (x86)\Vector\Asset Management Client\LuLogon.exe,Windows,Windows,,Vector Asset Management logon-time helper
vizor,VIZOR,C:\Program Files (x86)\Vector\Asset Management Client\LUGuard.exe,C:\Program Files (x86)\Vector\Asset Management Client\LUGuard.exe,Windows,Windows,,Vector Asset Management watchdog / guard utility
vizor,VIZOR,C:\Program Files (x86)\Vector\Asset Management Client\LUEDIT.EXE,C:\Program Files (x86)\Vector\Asset Management Client\LUEDIT.EXE,Windows,Windows,,Vector Asset Management editor utility
vizor,VIZOR,C:\Program Files (x86)\Vector\Asset Management Client\SelfUpdater.exe,C:\Program Files (x86)\Vector\Asset Management Client\SelfUpdater.exe,Windows,Windows,,Vector Asset Management Client self-update binary
vizor,VIZOR,C:\Program Files (x86)\Vector\Asset Management Client\VnlSelfUpdate.exe,C:\Program Files (x86)\Vector\Asset Management Client\VnlSelfUpdate.exe,Windows,Windows,,Vector Asset Management Client self-update orchestrator
vizor,VIZOR,C:\Program Files (x86)\Vector\Asset Management Client\VNLDriverInstaller.exe,C:\Program Files (x86)\Vector\Asset Management Client\VNLDriverInstaller.exe,Windows,Windows,,Vector Asset Management driver installation helper
vizor,VIZOR,C:\Program Files (x86)\Vector\Asset Management Client\PidUpdater.exe,C:\Program Files (x86)\Vector\Asset Management Client\PidUpdater.exe,Windows,Windows,,Vector Asset Management product-ID / inventory updater
vizor,VIZOR,C:\Program Files (x86)\Vector\Asset Management Client\cpuchk.exe,C:\Program Files (x86)\Vector\Asset Management Client\cpuchk.exe,Windows,Windows,,Vector Asset Management CPU detection helper
vizor,VIZOR,C:\Program Files (x86)\Vector\Asset Management Client\upload.exe,C:\Program Files (x86)\Vector\Asset Management Client\upload.exe,Windows,Windows,,Vector Asset Management generic upload helper
vizor,VIZOR,C:\Program Files (x86)\Vector\Asset Management Client\NUKE32.EXE,C:\Program Files (x86)\Vector\Asset Management Client\NUKE32.EXE,Windows,Windows,,Vector Asset Management cleanup / uninstall helper
vizor,VIZOR,C:\Program Files (x86)\Vector\Asset Management Client\Recycler.exe,C:\Program Files (x86)\Vector\Asset Management Client\Recycler.exe,Windows,Windows,,Vector Asset Management Client recycler / queue processor
vizor,VIZOR,C:\Program Files (x86)\Vector\Asset Management Client\closeapp.exe,C:\Program Files (x86)\Vector\Asset Management Client\closeapp.exe,Windows,Windows,,Vector Asset Management helper that closes running applications (e.g. before software distribution)
vizor,VIZOR,C:\Program Files (x86)\Vector\Asset Management Client\VECWAIT.EXE,C:\Program Files (x86)\Vector\Asset Management Client\VECWAIT.EXE,Windows,Windows,,Vector Asset Management wait / synchronisation helper
vizor,VIZOR,C:\Program Files (x86)\Vector\Asset Management Client\Prep64.exe,C:\Program Files (x86)\Vector\Asset Management Client\Prep64.exe,Windows,Windows,,Vector Asset Management 64-bit preparation helper
vizor,VIZOR,C:\Program Files\Vector Networks Limited\LANutil32 Suite\clboot32.exe,C:\Program Files\Vector Networks Limited\LANutil32 Suite\clboot32.exe,Windows,Windows,,Legacy LANutil32 Suite install path (predecessor branding for the same Vector Networks discovery client — observed via Windows file databases)
vizor,VIZOR,C:\luhboot.bat,C:\luhboot.bat,Windows,Windows,,LANutil32 Suite boot-time batch (observed dropped to root by CLBOOT32.EXE in VirusTotal Cuckoofork sandbox runs)
vizor,VIZOR,C:\winchk.dat,C:\winchk.dat,Windows,Windows,,Vector Asset Management Windows inventory data file consumed by winchk32.exe (observed at C:\winchk.dat in VirusTotal Cuckoofork sandbox runs)
vizor,VIZOR,C:\LUCLIENT.INI,C:\LUCLIENT.INI,Windows,Windows,,Vector Asset Management Client configuration INI file (observed accessed by CLBOOT32.EXE in VirusTotal Cuckoofork sandbox runs)
vizor,VIZOR,C:\LUCLIENT.MOD,C:\LUCLIENT.MOD,Windows,Windows,,Vector Asset Management Client module file (observed accessed by CLBOOT32.EXE in VirusTotal Cuckoofork sandbox runs)
