slug,name,domain,port,description
247ithelp.com_(connectwise),247ithelp.com (ConnectWise),*.247ithelp.com,,Known remote domains
absolute_(computrace),Absolute (Computrace),*search.namequery.com,,Known remote domains
absolute_(computrace),Absolute (Computrace),*server.absolute.com,,Known remote domains
acronis_cyber_protect_(remotix),Acronis Cyber Protect (Remotix),cloud.acronis.com,,Known remote domains
acronis_cyber_protect_(remotix),Acronis Cyber Protect (Remotix),agents*-cloud.acronis.com,,Known remote domains
acronis_cyber_protect_(remotix),Acronis Cyber Protect (Remotix),gw.remotix.com,,Known remote domains
acronis_cyber_protect_(remotix),Acronis Cyber Protect (Remotix),connect.acronis.com,,Known remote domains
action1,Action1,*.action1.com,443,N/A
action1,Action1,a1-backend-packages.s3.amazonaws.com,443,N/A
addigy,Addigy,prod.addigy.com,,Known remote domains
addigy,Addigy,grtmprod.addigy.com,,Known remote domains
addigy,Addigy,agents.addigy.com,,Known remote domains
adobe_connect,Adobe Connect,*.adobeconnect.com,,Known remote domains
aeroadmin,AeroAdmin,auth*.aeroadmin.com,,Known remote domains
aeroadmin,AeroAdmin,aeroadmin.com,,Known remote domains
aliwangwang-remote-control,AliWangWang-remote-control,wangwang.taobao.com,,Known remote domains
alpemix,Alpemix,*.alpemix.com,443,N/A
alpemix,Alpemix,*.teknopars.com,80,N/A
ammyyadmin,Ammyy Admin,ammyy.com,5931,Known remote domains and router IP addresses
ammyyadmin,Ammyy Admin,ammyy.com,80,Known remote domains and router IP addresses
ammyyadmin,Ammyy Admin,ammyy.com,443,Known remote domains and router IP addresses
ammyyadmin,Ammyy Admin,ammyy.com,8080,Known remote domains and router IP addresses
ammyyadmin,Ammyy Admin,*ammyy.com,5931,Known remote domains and router IP addresses
ammyyadmin,Ammyy Admin,*ammyy.com,80,Known remote domains and router IP addresses
ammyyadmin,Ammyy Admin,*ammyy.com,443,Known remote domains and router IP addresses
ammyyadmin,Ammyy Admin,*ammyy.com,8080,Known remote domains and router IP addresses
ammyyadmin,Ammyy Admin,136.243.104.235,443,Known router IP addresses (TCP connections)
ammyyadmin,Ammyy Admin,136.243.104.242,443,Known router IP addresses (TCP connections)
ammyyadmin,Ammyy Admin,136.243.18.122,443,Known router IP addresses (TCP connections)
any_support,Any Support,*.anysupport.net,,Known remote domains
anydesk,AnyDesk,boot.net.anydesk.com,443,During setup the boot.net.anydesk.com domain is request over port 443
anydesk,AnyDesk,relay-[a-f0-9]{8}.net.anydesk.com:443,443,N/A
anydesk,AnyDesk,*.anydesk.com,443,N/A
anyplace_control,Anyplace Control,anyplace-control.com,,Known remote domains
anyviewer,AnyViewer,*.anyviewer.com,443,N/A
anyviewer,AnyViewer,*.aomeisoftware.com,443,N/A
apple_remote_desktop,Apple Remote Desktop,user_managed,,Known remote domains
aspia,Aspia,https://github.com/dchapyshev/aspia,N/A,Aspia can be downloaded from the official github repository.
atera,Atera,pubsub.atera.com,N/A,N/A
atera,Atera,pubsub.pubnub.com,N/A,N/A
atera,Atera,agentreporting.atera.com,N/A,N/A
atera,Atera,getalphacontrol.com,N/A,N/A
atera,Atera,app.atera.com,N/A,N/A
atera,Atera,agenthb.atera.com,N/A,N/A
atera,Atera,packagesstore.blob.core.windows.net,N/A,N/A
atera,Atera,ps.pndsn.com,N/A,N/A
atera,Atera,agent-api.atera.com,N/A,N/A
atera,Atera,agentreportingstore.blob.core.windows.net,N/A,N/A
atera,Atera,atera-agent-heartbeat.servicebus.windows.net,N/A,N/A
atera,Atera,ps.atera.com,N/A,N/A
atera,Atera,atera.pubnubapi.com,N/A,N/A
atera,Atera,appcdn.atera.com,N/A,N/A
auvik,Auvik,*.my.auvik.com,,Known remote domains
auvik,Auvik,*.auvik.com,,Known remote domains
auvik,Auvik,auvik.com,,Known remote domains
aweray,AweRay,asapi*.aweray.net,,Known remote domains
aweray,AweRay,client-api.aweray.com,,Known remote domains
baramundi,baramundi Management Suite,*.baramundi.com,443,Primary communication with baramundi Management Server over HTTPS
baramundi,baramundi Management Suite,*.baramundi.com,2608,Primary communication with baramundi Management Server over HTTPS
baramundi,baramundi Management Suite,www.baramundi.com,443,Primary communication with baramundi Management Server over HTTPS
baramundi,baramundi Management Suite,www.baramundi.com,2608,Primary communication with baramundi Management Server over HTTPS
baramundi,baramundi Management Suite,docs.baramundi.com,443,Primary communication with baramundi Management Server over HTTPS
baramundi,baramundi Management Suite,docs.baramundi.com,2608,Primary communication with baramundi Management Server over HTTPS
baramundi,baramundi Management Suite,isodownload.baramundi.com,443,Primary communication with baramundi Management Server over HTTPS
baramundi,baramundi Management Suite,isodownload.baramundi.com,2608,Primary communication with baramundi Management Server over HTTPS
baramundi,baramundi Management Suite,*.baramundi.com,80,HTTP communication for updates and downloads
barracuda,Barracuda,*.islonline.net,,Known remote domains
barracuda,Barracuda,rmm.barracudamsp.com,,Known remote domains
barracuda,Barracuda,barracudamsp.com,,Known remote domains
basecamp,Basecamp,basecamp.com,,Known remote domains
beamyourscreen,BeamYourScreen,beamyourscreen.com,,Known remote domains
beamyourscreen,BeamYourScreen,*.beamyourscreen.com,,Known remote domains
beanywhere,BeAnyWhere,beanywhere.en.uptodown.com/windows,,Known remote domains
beanywhere,BeAnyWhere,beanywhere.com,,Known remote domains
beinsync,BeInSync,*.beinsync.net,,Known remote domains
beinsync,BeInSync,*.beinsync.com,,Known remote domains
beyondtrust_(bomgar),BeyondTrust (Bomgar),*.beyondtrustcloud.com,,Known remote domains
beyondtrust_(bomgar),BeyondTrust (Bomgar),*.bomgarcloud.com,,Known remote domains
beyondtrust_(bomgar),BeyondTrust (Bomgar),bomgarcloud.com,,Known remote domains
bluetrait,Bluetrait,bluetrait.io,443,Known domains used by Bluetrait
bluetrait,Bluetrait,bluetrait.io,8080,Known domains used by Bluetrait
bluetrait,Bluetrait,*.bluetrait.io,443,Known domains used by Bluetrait
bluetrait,Bluetrait,*.bluetrait.io,8080,Known domains used by Bluetrait
centrastage_(now_datto),CentraStage (Now Datto),*.rmm.datto.com,,Known remote domains
centrastage_(now_datto),CentraStage (Now Datto),*cc.centrastage.net,,Known remote domains
centrastage_(now_datto),CentraStage (Now Datto),datto.com/au/products/rmm/,,Known remote domains
centurion,Centurion,centuriontech.com,,Known remote domains
chrome_remote_desktop,Chrome Remote Desktop,*remotedesktop.google.com,,Known remote domains
chrome_remote_desktop,Chrome Remote Desktop,*remotedesktop-pa.googleapis.com,,Known remote domains
chrome_remote_desktop,Chrome Remote Desktop,remotedesktop.google.com,,Known remote domains
chrome_remote_desktop,Chrome Remote Desktop,chromoting-client.talkgadget.google.com,,Known remote domains
chrome_remote_desktop,Chrome Remote Desktop,chromoting-host.talkgadget.google.com,,Known remote domains
chrome_remote_desktop,Chrome Remote Desktop,chromoting-oauth.talkgadget.google.com,,Known remote domains
cloudflare_tunnel,CloudFlare Tunnel,cloudflare.com/products/tunnel/,,Known remote domains
comodo_rmm,Comodo RMM,*.itsm-us1.comodo.com,,Known remote domains
comodo_rmm,Comodo RMM,*mdmsupport.comodo.com,,Known remote domains
comodo_rmm,Comodo RMM,one.comodo.com,,Known remote domains
connectwise_automate_(labtech),Connectwise Automate (LabTech),*.hostedrmm.com,,Known remote domains
connectwise_control,ConnectWise Control,live.screenconnect.com,,Known remote domains
connectwise_control,ConnectWise Control,control.connectwise.com,,Known remote domains
crossloop,CrossLoop,*.crossloop.com,,Known remote domains
crossloop,CrossLoop,crossloop.en.softonic.com,,Known remote domains
crosstec_remote_control,CrossTec Remote Control,user_managed,,Known remote domains
crosstec_remote_control,CrossTec Remote Control,crosstecsoftware.com/remotecontrol,,Known remote domains
dameware,DameWare,dameware.com,,Known remote domains
deskday,DeskDay,deskday.ai,,Known remote domains
deskday,DeskDay,app.deskday.ai,,Known remote domains
deskshare,DeskShare,user_managed,,Known remote domains
desktopnow,DesktopNow,*.nchuser.com,,Known remote domains
dev_tunnels_(aka_visual_studio_dev_tunnel),Dev Tunnels (aka Visual Studio Dev Tunnel),learn.microsoft.com/en-us/azure/developer/dev-tunnels/overview,,Known remote domains
distant_desktop,Distant Desktop,*.distantdesktop.com,,Known remote domains
distant_desktop,Distant Desktop,*signalserver.xyz,,Known remote domains
domotz,Domotz,*.domotz.co,,Known remote domains
domotz,Domotz,domotz.com,,Known remote domains
domotz,Domotz,*cell-1.domotz.com,,Known remote domains
duet_display,Duet Display,*.duetdisplay.com,443,Known remote domains
duet_display,Duet Display,rdp.duetdisplay.com,443,Known remote domains
duet_display,Duet Display,duetdisplay.com,443,Known remote domains
duet_display,Duet Display,*.itagent.com,443,Known remote domains
duet_display,Duet Display,itagent.com,443,Known remote domains
dw_service,DW Service,*.dwservice.net,,Known remote domains
ehorus,eHorus,ehorus.com,,Known remote domains
electric_ai_(kaseya),Electric AI (Kaseya),electric.ai,,Known remote domains
emco_remote_console,EMCO Remote Console,user_managed,,Known remote domains
emco_remote_console,EMCO Remote Console,emcosoftware.com,,Known remote domains
encapto,Encapto,encapto.com,,Known remote domains
ericom_accessnow,Ericom AccessNow,user_managed,,Known remote domains
ericom_accessnow,Ericom AccessNow,ericom.com,,Known remote domains
ericom_connect,Ericom Connect,user_managed,,Known remote domains
ericom_connect,Ericom Connect,ericom.com,,Known remote domains
eset_remote_administrator,ESET Remote Administrator,user_managed,,Known remote domains
eset_remote_administrator,ESET Remote Administrator,eset.com/me/business/remote-management/remote-administrator/,,Known remote domains
ezhelp,ezHelp,*.ezhelp.co.kr,,Known remote domains
ezhelp,ezHelp,ezhelp.co.kr,,Known remote domains
fastviewer,FastViewer,*.fastviewer.com,,Known remote domains
fastviewer,FastViewer,fastviewer.com,,Known remote domains
fixme,FixMe.it,*.fixme.it,,Known remote domains
fixme,FixMe.it,*.techinline.net,,Known remote domains
fixme,FixMe.it,fixme.it,,Known remote domains
fixme,FixMe.it,*set.me,,Known remote domains
fixme,FixMe.it,*setme.net,,Known remote domains
fleetdeck,FleetDeck.io,*.fleetdeck.io,443,Known remote domains
fleetdeck,FleetDeck.io,fleetdeck.io,443,Known remote domains
fleetdeck,FleetDeck.io,agentmqtt.fleetdeck.io,443,Known remote domains
fleetdeck,FleetDeck.io,checkip.zmazonaws.com,443,Known remote domains
fortra,Fortra,fortra.com,,Known remote domains
freshservice,Freshservice,fstools.freshservice.com,443,"Freshservice Discovery Agent + Discovery Probe MSI distribution and auto-update host (fs-windows-agent-*.msi, win-installer-*.msi, fs-probe-*.msi, AutoUpdate.exe, FSAgentAutoUpdate.exe); served over CloudFront. URL pattern confirmed via VirusTotal in-the-wild URLs for SHA256 773f976170f87167d63d55bf83c5f3853d3f10f01dd627ab3dfe0f02b6f25d48 (https://fstools.freshservice.com/agent/win-installer-3.10.0.msi)."
freshservice,Freshservice,*.freshservice.com,443,Per-tenant Freshservice ITSM portal that the Discovery Agent and Discovery Probe report inventory back to (the Probe RegistrationKey JWT decodes to a portal_url payload pointing at https://<tenant>.freshservice.com).
freshservice,Freshservice,freshservice.com,443,Freshservice corporate / marketing site referenced in the Discovery Agent and Probe MSIs.
freshservice,Freshservice,www.freshservice.com,443,Freshservice corporate / marketing site referenced in the Discovery Agent and Probe MSIs.
freshservice,Freshservice,fstools.freshasset.com,443,Legacy Freshservice Discovery infrastructure embedded in the Probe binary (`Freshservice.DiscoveryProbe.Window.exe` references `fstools.freshasset.com`); freshasset.com is a Freshworks-owned Amazon-Registrar-registered domain still used as a fallback distribution / discovery host.
freshservice,Freshservice,freshasset.com,443,Legacy Freshservice Discovery infrastructure embedded in the Probe binary (`Freshservice.DiscoveryProbe.Window.exe` references `fstools.freshasset.com`); freshasset.com is a Freshworks-owned Amazon-Registrar-registered domain still used as a fallback distribution / discovery host.
freshservice,Freshservice,*.myfreshworks.com,443,Freshworks platform identity/SSO and unified Freshworks API; the Freshservice tenant authentication flow and embedded Marketplace iframes load from these domains (browser-side; not invoked by the Discovery Agent service itself).
freshservice,Freshservice,*.freshworksapi.com,443,Freshworks platform identity/SSO and unified Freshworks API; the Freshservice tenant authentication flow and embedded Marketplace iframes load from these domains (browser-side; not invoked by the Discovery Agent service itself).
freshservice,Freshservice,*.freshworks.com,443,Freshworks platform identity/SSO and unified Freshworks API; the Freshservice tenant authentication flow and embedded Marketplace iframes load from these domains (browser-side; not invoked by the Discovery Agent service itself).
freshservice,Freshservice,*.freshconnect.io,443,"Freshconnect collaboration (Freshworks-owned), used by the Freshservice agent web UI for in-ticket chat. Browser-side only."
freshservice,Freshservice,api.fdcollab.com,443,"Freshconnect collaboration (Freshworks-owned), used by the Freshservice agent web UI for in-ticket chat. Browser-side only."
freshservice,Freshservice,*.fdcollab.com,443,"Freshconnect collaboration (Freshworks-owned), used by the Freshservice agent web UI for in-ticket chat. Browser-side only."
freshservice,Freshservice,*.freshchat.com,443,Freshchat / push notification infrastructure used by the Freshservice agent web UI. Browser-side only.
freshservice,Freshservice,*.webpush.freshchat.com,443,Freshchat / push notification infrastructure used by the Freshservice agent web UI. Browser-side only.
freshservice,Freshservice,apicdn-wchat.freshchat.com,443,Freshchat / push notification infrastructure used by the Freshservice agent web UI. Browser-side only.
freshservice,Freshservice,*.rtschannel.com,443,Freshchat / push notification infrastructure used by the Freshservice agent web UI. Browser-side only.
freshservice,Freshservice,*.freshdev.io,443,Freshworks Marketplace integration host serving Freshservice tenant customizations and Freddy AI assets. Browser-side only.
freshservice,Freshservice,static.freshdev.io,443,Freshworks Marketplace integration host serving Freshservice tenant customizations and Freddy AI assets. Browser-side only.
freshservice,Freshservice,*.freshcloud.io,443,Freshworks Marketplace integration host serving Freshservice tenant customizations and Freddy AI assets. Browser-side only.
freshservice,Freshservice,*.in-freshbots.ai,443,Freshworks Marketplace integration host serving Freshservice tenant customizations and Freddy AI assets. Browser-side only.
freshservice,Freshservice,<internal-customer-ranges>,22,"Discovery Probe network sweep — the Probe initiates outbound TCP scans against customer-internal IPs on the documented discovery ports for fingerprinting (135/RPC, 445/SMB, 22/SSH, 161/SNMP). Source: vendor doc ""Software requirements for Discovery Probe""."
freshservice,Freshservice,<internal-customer-ranges>,135,"Discovery Probe network sweep — the Probe initiates outbound TCP scans against customer-internal IPs on the documented discovery ports for fingerprinting (135/RPC, 445/SMB, 22/SSH, 161/SNMP). Source: vendor doc ""Software requirements for Discovery Probe""."
freshservice,Freshservice,<internal-customer-ranges>,161,"Discovery Probe network sweep — the Probe initiates outbound TCP scans against customer-internal IPs on the documented discovery ports for fingerprinting (135/RPC, 445/SMB, 22/SSH, 161/SNMP). Source: vendor doc ""Software requirements for Discovery Probe""."
freshservice,Freshservice,<internal-customer-ranges>,445,"Discovery Probe network sweep — the Probe initiates outbound TCP scans against customer-internal IPs on the documented discovery ports for fingerprinting (135/RPC, 445/SMB, 22/SSH, 161/SNMP). Source: vendor doc ""Software requirements for Discovery Probe""."
freshservice,Freshservice,<internal-customer-ranges>,161,Discovery Probe SNMP polling (UDP/161 outbound to managed network devices for OID walks via SnmpSharpNet.dll).
gatherplace-desktop_sharing,GatherPlace-desktop sharing,*.gatherplace.com,,Known remote domains
gatherplace-desktop_sharing,GatherPlace-desktop sharing,*.gatherplace.net,,Known remote domains
gatherplace-desktop_sharing,GatherPlace-desktop sharing,gatherplace.com,,Known remote domains
getscreen,GetScreen,getscreen.me,443,Known remote domains
getscreen,GetScreen,GetScreen.me,443,Known remote domains
getscreen,GetScreen,*.getscreen.me,443,Known remote domains
getscreen,GetScreen,go.getscreen.me,443,Known remote domains
getscreen,GetScreen,image.getscreen.me,443,Known remote domains
getscreen,GetScreen,px-*.getscreen.me,443,Known remote domains
glpi,GLPI Agent,N/A (listens on httpd-ip — default 0.0.0.0 — on the agent host),62354,Embedded HTTP daemon listen port — the GLPI server (or the operator) connects to this port to trigger tasks on the endpoint. Default `httpd-port=62354` per the MSI properties; configurable.
glpi,GLPI Agent,<operator-configured GLPI server>,80,"Outbound connection from agent to the operator-configured GLPI server (`server` parameter / MSI `SERVER` property). Endpoints are tenant-configured, not centralised — the agent talks to whatever URL the operator specifies (self-hosted GLPI, GLPI Network or attacker-controlled server)."
glpi,GLPI Agent,<operator-configured GLPI server>,443,"Outbound connection from agent to the operator-configured GLPI server (`server` parameter / MSI `SERVER` property). Endpoints are tenant-configured, not centralised — the agent talks to whatever URL the operator specifies (self-hosted GLPI, GLPI Network or attacker-controlled server)."
glpi,GLPI Agent,glpi-project.org,443,Official GLPI Project website — referenced from the agent (URLAbout) and used to download the agent installer
glpi,GLPI Agent,www.glpi-project.org,443,Official GLPI Project website — referenced from the agent (URLAbout) and used to download the agent installer
glpi,GLPI Agent,nightly.glpi-project.org,443,GLPI Project nightly build server — referenced by the bundled glpi-agent-deployment.vbs as `SetupNightlyLocation` (alternative install source)
glpi,GLPI Agent,forum.glpi-project.org,443,GLPI Project community forum — bundled in MSI metadata as the support URL
glpi,GLPI Agent,glpi-network.com,443,"Teclib commercial offering for GLPI (paid services, plugins, support) — operated by Teclib', the company that maintains GLPI and the GLPI Agent"
glpi,GLPI Agent,services.glpi-network.com,443,"Teclib commercial offering for GLPI (paid services, plugins, support) — operated by Teclib', the company that maintains GLPI and the GLPI Agent"
glpi,GLPI Agent,github.com,443,GitHub release host for the GLPI Agent installers (MSI / PKG / DEB / RPM / AppImage downloaded from this host by deployment scripts)
glpi,GLPI Agent,objects.githubusercontent.com,443,GitHub release host for the GLPI Agent installers (MSI / PKG / DEB / RPM / AppImage downloaded from this host by deployment scripts)
gorelormm,Gorelo RMM,app.gorelo.io,443,Called during access to remote control WebGUI access
gorelormm,Gorelo RMM,gorelo-rmm.azurewebsites.net,443,Called during setup
gorelormm,Gorelo RMM,gw.usw.gorelo.tech,443,Called during setup
gorelormm,Gorelo RMM,lr.rmm.pod1.usw.gorelo.tech,443,Called during setup
gorelormm,Gorelo RMM,public.rmm.pod1.usw.gorelo.tech,443,Called during setup
gorelormm,Gorelo RMM,r1.rmm.uw.gorelo.tech,443,Called during setup
gorelormm,Gorelo RMM,sr.rmm.pod1.usw.gorelo.tech,443,Called during setup
gotoassist,GoToAssist,goto.com,,Known remote domains
gotoassist,GoToAssist,*.getgo.com,,Known remote domains
gotoassist,GoToAssist,*.fastsupport.com,,Known remote domains
gotoassist,GoToAssist,*.gotoassist.com,,Known remote domains
gotoassist,GoToAssist,helpme.net,,Known remote domains
gotoassist,GoToAssist,*.gotoassist.me,,Known remote domains
gotoassist,GoToAssist,*.gotoassist.at,,Known remote domains
gotoassist,GoToAssist,*.desktopstreaming.com,,Known remote domains
gotoassist,GoToAssist,*.cdn.getgo.com,,Known remote domains
gotohttp,GotoHTTP,*.gotohttp.com,,Known remote domains
gotohttp,GotoHTTP,gotohttp.com,,Known remote domains
gotomypc,GoToMyPC,*.GoToMyPC.com,N/A,N/A
goverlan,Goverlan,user_managed,,Known remote domains
goverlan,Goverlan,goverlan.com,,Known remote domains
guacamole,Guacamole,user_managed,,Known remote domains
guacamole,Guacamole,guacamole.apache.org,,Known remote domains
heartbeatrm,HeartbeatRM,*.heartbeatrm.com,,Known remote domains
heartbeatrm,HeartbeatRM,heartbeatrm.com,,Known remote domains
helpbeam,HelpBeam,helpbeam.software.informer.com,,Known remote domains
helpu,HelpU,helpu.co.kr,,Known remote domains
helpu,HelpU,*.helpu.co.kr,,Known remote domains
hoptodesk,HopToDesk,hoptodesk.com,443,Known remote domains
hoptodesk,HopToDesk,api.hoptodesk.com,443,Known remote domains
hoptodesk,HopToDesk,signal.hoptodesk.com,443,Known remote domains
hoptodesk,HopToDesk,turn.hoptodesk.com,443,Known remote domains
hoptodesk,HopToDesk,download.hoptodesk.com,443,Known remote domains
hoptodesk,HopToDesk,www.hoptodesk.com,443,Known remote domains
i'm_intouch,I'm InTouch,*.01com.com,,Known remote domains
i'm_intouch,I'm InTouch,01com.com/imintouch-remote-pc-desktop,,Known remote domains
idrive,iDrive,idrive.com,443,Known remote domains and API endpoints
idrive,iDrive,idrive.com,80,Known remote domains and API endpoints
idrive,iDrive,*.idrive.com,443,Known remote domains and API endpoints
idrive,iDrive,*.idrive.com,80,Known remote domains and API endpoints
idrive,iDrive,api.idrive.com,443,Known remote domains and API endpoints
idrive,iDrive,api.idrive.com,80,Known remote domains and API endpoints
immybot,ImmyBot,*.immy.bot,443,Known remote domains
immybot,ImmyBot,immy.bot,443,Known remote domains
imperoconnect,Impero Connect,imperosoftware.com,,Known remote domains
instant_housecall,Instant Housecall,*.instanthousecall.com,,Known remote domains
instant_housecall,Instant Housecall,*.instanthousecall.net,,Known remote domains
instant_housecall,Instant Housecall,instanthousecall.com,,Known remote domains
instant_housecall,Instant Housecall,secure.instanthousecall.com,,Known remote domains
instanthousecall,Instant Housecall,*.instanthousecall.com,,Known remote domains
instanthousecall,Instant Housecall,secure.instanthousecall.com,,Known remote domains
instanthousecall,Instant Housecall,*.instanthousecall.net,,Known remote domains
instanthousecall,Instant Housecall,instanthousecall.com,,Known remote domains
intelliadmin_remote_control,IntelliAdmin Remote Control,user_managed,,Known remote domains
intelliadmin_remote_control,IntelliAdmin Remote Control,*.intelliadmin.com,,Known remote domains
intelliadmin_remote_control,IntelliAdmin Remote Control,intelliadmin.com/remote-control,,Known remote domains
invgate,InvGate,invgate.com,443,InvGate corporate / marketing site (referenced from agent installer and tenant console)
invgate,InvGate,www.invgate.com,443,InvGate corporate / marketing site (referenced from agent installer and tenant console)
invgate,InvGate,*.invgate.net,443,InvGate cloud tenant base domain — Insight / IGAM tenants are hosted as per-tenant subdomains on invgate.net (configured at agent install time as the Insight/IGAM URL); cloud agents reach the platform via a regional load balancer (lb-insight-001.invgate.net resolves to AWS elb in eu-central-1)
invgate,InvGate,invgate.net,443,InvGate cloud tenant base domain — Insight / IGAM tenants are hosted as per-tenant subdomains on invgate.net (configured at agent install time as the Insight/IGAM URL); cloud agents reach the platform via a regional load balancer (lb-insight-001.invgate.net resolves to AWS elb in eu-central-1)
invgate,InvGate,lb-insight-001.invgate.net,443,InvGate Insight / Asset Management cloud load balancer (CNAME prd-insight-000-999663879.eu-central-1.elb.amazonaws.com) — primary agent-to-platform endpoint for cloud tenants
invgate,InvGate,trust.invgate.com,443,InvGate trust / status portal (Vanta-hosted at vantatrust.com)
invgate,InvGate,trust-access.invgate.com,443,InvGate trust / status portal (Vanta-hosted at vantatrust.com)
invgate,InvGate,instances-info.invgate.com,443,InvGate tenant management endpoints used during provisioning / instance lookup
invgate,InvGate,instances-list.invgate.com,443,InvGate tenant management endpoints used during provisioning / instance lookup
invgate,InvGate,releases.invgate.com,443,InvGate releases / developer / public docs portals referenced by the agent and integrators
invgate,InvGate,docs.invgate.net,443,InvGate releases / developer / public docs portals referenced by the agent and integrators
invgate,InvGate,help.invgate.com,443,InvGate releases / developer / public docs portals referenced by the agent and integrators
invgate,InvGate,releases.invgate.com,443,InvGate Service Management Developer Manual (Service Desk REST API) — host used by integrations and bots talking to a tenant
iperius_remote,Iperius Remote,*.iperiusremote.com,,Known remote domains
iperius_remote,Iperius Remote,*.iperius.com,,Known remote domains
iperius_remote,Iperius Remote,*.iperius-rs.com,,Known remote domains
iperius_remote,Iperius Remote,iperiusremote.com,,Known remote domains
isl_light,ISL Light,islonline.com,,Known remote domains
isl_online,ISL Online,*.islonline.com,,Known remote domains
isl_online,ISL Online,*.islonline.net,,Known remote domains
islonline,ISL Online,*.islonline.com,,Known remote domains
islonline,ISL Online,*.islonline.net,,Known remote domains
itarian,Itarian,mdmsupport.comodo.com,,Known remote domains
itarian,Itarian,*.itsm-us1.comodo.com,,Known remote domains
itarian,Itarian,*.cmdm.comodo.com,,Known remote domains
itarian,Itarian,remoteaccess.itarian.com,,Known remote domains
itarian,Itarian,servicedesk.itarian.com,,Known remote domains
itsupport247_(connectwise),ITSupport247 (ConnectWise),*.itsupport247.net,,Known remote domains
itsupport247connectwise,ITSupport247 (ConnectWise),*.itsupport247.net,,Known remote domains
itsupport247connectwise,ITSupport247 (ConnectWise),itsupport247.net,,Known remote domains
ivanti_remote_control,Ivanti Remote Control,*.ivanticloud.com,,Known remote domains
jump_cloud,Jump Cloud,*.api.jumpcloud.com,,Known remote domains
jump_cloud,Jump Cloud,*.assist.jumpcloud.com,,Known remote domains
jump_desktop,Jump Desktop,*.jumpdesktop.com,,Known remote domains
jump_desktop,Jump Desktop,jumpdesktop.com,,Known remote domains
jump_desktop,Jump Desktop,jumpto.me,,Known remote domains
jump_desktop,Jump Desktop,*.jumpto.me,,Known remote domains
kabuto,Kabuto,*.kabuto.io,,Known remote domains
kabuto,Kabuto,repairtechsolutions.com/kabuto/,,Known remote domains
kaseya,Kaseya (VSA),deploy01.kaseya.com,,Known remote domains
kaseya,Kaseya (VSA),*managedsupport.kaseya.net,,Known remote domains
kaseya,Kaseya (VSA),*.kaseya.net,,Known remote domains
kaseya,Kaseya (VSA),kaseya.com,,Known remote domains
khelpdesk,KHelpDesk,*.khelpdesk.com.br,,Known remote domains
kickidler,KickIdler,kickidler.com,,Known remote domains
kickidler,KickIdler,my.kickidler.com,,Known remote domains
labtech_rmm_(now_connectwise_automate),LabTech RMM (Now ConnectWise Automate),connectwise.com,,Known remote domains
landesk,LANDesk,*.ivanticloud.com,,Known remote domains
landesk,LANDesk,*.ivanti.com,,Known remote domains
landesk,LANDesk,ivanti.com,,Known remote domains
laplink_everywhere,Laplink Everywhere,everywhere.laplink.com,,Known remote domains
laplink_everywhere,Laplink Everywhere,le.laplink.com,,Known remote domains
laplink_everywhere,Laplink Everywhere,atled.syspectr.com,,Known remote domains
laplink_gold,Laplink Gold,user_managed,,Known remote domains
laplink_gold,Laplink Gold,web.laplink.com/product/laplink-gold,,Known remote domains
level.io,Level.io,level.io,,Known remote domains
level.io,Level.io,*.level.io,,Known remote domains
level,Level,level.io,443,Known remote domains
level,Level,builds.level.io,443,Known remote domains
level,Level,agents.level.io,443,Known remote domains
level,Level,online.level.io,443,Known remote domains
level,Level,downloads.io,443,Known remote domains
levelio,Level.io,level.io,,Known remote domains
levelio,Level.io,*.level.io,,Known remote domains
litemanager,LiteManager,*.litemanager.ru,,Known remote domains
litemanager,LiteManager,*.litemanager.com,,Known remote domains
litemanager,LiteManager,litemanager.com,,Known remote domains
logmein,LogMeIn,logmein-gateway.com,443,N/A
logmein,LogMeIn,*.logmein.com,443,N/A
logmein,LogMeIn,*.logmein.eu,443,N/A
logmein,LogMeIn,logmeinrescue.com,443,N/A
logmein,LogMeIn,*.logmeininc.com,443,N/A
logmein_rescue,LogMeIn rescue,*.logmeinrescue.com,,Known remote domains
logmein_rescue,LogMeIn rescue,*.logmeinrescue.eu,,Known remote domains
logmein_rescue,LogMeIn rescue,logmeinrescue.com,,Known remote domains
logmein_rescue,LogMeIn rescue,rescue-list.*.logmein-gateway.com,,Known remote domains
logmein_rescue,LogMeIn rescue,rescue-data-cetner.logmein-gateway.com,,Known remote domains
lunixar,Lunixar,*.lunixar.com,23501,Known remote domains
lunixar,Lunixar,lunixar.com,23501,Known remote domains
lunixar,Lunixar,app.lunixar.com,23501,Known remote domains
lunixar,Lunixar,socket.lunixar.com,23501,Known remote domains
lunixar,Lunixar,downloads.lunixar.com,23501,Known remote domains
lunixar,Lunixar,devrmm.lunixar.com,23501,Known remote domains
lunixar,Lunixar,mymeetinggoogle.com,,Known abuse/phishing domains distributing renamed Lunixar MSI
manage_engine_(desktop_central),Manage Engine (Desktop Central),desktopcentral.manageengine.com,,Known remote domains
manage_engine_(desktop_central),Manage Engine (Desktop Central),desktopcentral.manageengine.com.eu,,Known remote domains
manage_engine_(desktop_central),Manage Engine (Desktop Central),desktopcentral.manageengine.cn,,Known remote domains
manage_engine_(desktop_central),Manage Engine (Desktop Central),*.dms.zoho.com,,Known remote domains
manage_engine_(desktop_central),Manage Engine (Desktop Central),*.dms.zoho.com.eu,,Known remote domains
manage_engine_(desktop_central),Manage Engine (Desktop Central),*.-dms.zoho.com.cn,,Known remote domains
manageengine_rmm_central,ManageEngine RMM Central,manageengine.com/remote-monitoring-management/,,Known remote domains
manageengine_servicedesk_plus,ManageEngine ServiceDesk Plus,*.manageengine.com,443,Known remote domains
manageengine_servicedesk_plus,ManageEngine ServiceDesk Plus,*.manageengine.com,8080,Known remote domains
manageengine_servicedesk_plus,ManageEngine ServiceDesk Plus,manageengine.com,443,Known remote domains
manageengine_servicedesk_plus,ManageEngine ServiceDesk Plus,manageengine.com,8080,Known remote domains
meshcentral,MeshCentral,user_managed,,Known remote domains
meshcentral,MeshCentral,meshcentral.com,,Known remote domains
microsoft_quick_assist,Microsoft Quick Assist,user_managed,,Known remote domains
microsoft_quick_assist,Microsoft Quick Assist,*.support.services.microsoft.com,,Known remote domains
mikogo,Mikogo,*.real-time-collaboration.com,,Known remote domains
mikogo,Mikogo,*.mikogo4.com,,Known remote domains
mikogo,Mikogo,*.mikogo.com,,Known remote domains
mikogo,Mikogo,mikogo.com,,Known remote domains
miradore,Miradore,gateway.miradore.com,443,Known remote domains
miradore,Miradore,*.miradore.com,443,Known remote domains
miradore,Miradore,miradore.com,443,Known remote domains
miradore,Miradore,gerwconline.blob.core.windows.net,443,Known remote domains
monitic,Monitic,api.monitic.com,443,"Monitic agent control plane — config and installer download REST API (api.monitic.com/api/ext/get-config, /api/ext/download-installer, /api/ext/check-sha256, /api/ext/get-token)"
monitic,Monitic,app.monitic.com,443,"Monitic tenant web console / installer hosting (app.monitic.com/MoniticInstaller.exe, app.monitic.com/installer)"
monitic,Monitic,devapi.monitic.com,443,Monitic developer / staging API (referenced in MoniticInstaller.exe embedded URLs — https://devapi.monitic.com/api/ext/download-installer)
monitic,Monitic,turn.monitic.com,443,Monitic WebRTC TURN relay for RustDesk peer-to-peer remote control fallback (turn.monitic.com → 77.37.120.252)
monitic,Monitic,turn.monitic.com,3478,Monitic WebRTC TURN relay for RustDesk peer-to-peer remote control fallback (turn.monitic.com → 77.37.120.252)
monitic,Monitic,monitic.com,443,Monitic corporate / marketing site
monitic,Monitic,www.monitic.com,443,Monitic corporate / marketing site
mousewithoutborders,Mouse Without Borders,,15100/tcp,Peer discovery and control traffic
mousewithoutborders,Mouse Without Borders,,15101/tcp,Peer discovery and control traffic
mremoteng,mRemoteNG,user_managed,,Known remote domains
mremoteng,mRemoteNG,mremoteng.org,,Known remote domains
msp360,MSP360,*.cloudberrylab.com,,Known remote domains
msp360,MSP360,*.msp360.com,,Known remote domains
msp360,MSP360,*.mspbackups.com,,Known remote domains
msp360,MSP360,msp360.com,,Known remote domains
mygreenpc,MyGreenPC,*mygreenpc.com,,Known remote domains
myivo,MyIVO,myivo-server.software.informer.com,,Known remote domains
n-able_advanced_monitoring_agent,N-Able Advanced Monitoring Agent,*remote.management,,Known remote domains
n-able_advanced_monitoring_agent,N-Able Advanced Monitoring Agent,*.logicnow.com,,Known remote domains
n-able_advanced_monitoring_agent,N-Able Advanced Monitoring Agent,*systemmonitor.us,,Known remote domains
n-able_advanced_monitoring_agent,N-Able Advanced Monitoring Agent,*systemmonitor.eu.com,,Known remote domains
n-able_advanced_monitoring_agent,N-Able Advanced Monitoring Agent,*system-monitor.com,,Known remote domains
n-able_advanced_monitoring_agent,N-Able Advanced Monitoring Agent,systemmonitor.us.cdn.cloudflare.net,,Known remote domains
n-able_advanced_monitoring_agent,N-Able Advanced Monitoring Agent,*cloudbackup.management,,Known remote domains
n-able_advanced_monitoring_agent,N-Able Advanced Monitoring Agent,*systemmonitor.co.uk,,Known remote domains
n-able_advanced_monitoring_agent,N-Able Advanced Monitoring Agent,*.n-able.com,,Known remote domains
n-able_advanced_monitoring_agent,N-Able Advanced Monitoring Agent,*.beanywhere.com,,Known remote domains
n-able_advanced_monitoring_agent,N-Able Advanced Monitoring Agent,*.swi-tc.com,,Known remote domains
n-able_remote_access_software,N-ABLE Remote Access Software,n-able.com,,Known remote domains
n-ableadvancedmonitoringagent,N-Able Advanced Monitoring Agent,*.beanywhere.com,,Known remote domains
n-ableadvancedmonitoringagent,N-Able Advanced Monitoring Agent,systemmonitor.co.uk,,Known remote domains
n-ableadvancedmonitoringagent,N-Able Advanced Monitoring Agent,*system-monitor.com,,Known remote domains
n-ableadvancedmonitoringagent,N-Able Advanced Monitoring Agent,cloudbackup.management,,Known remote domains
n-ableadvancedmonitoringagent,N-Able Advanced Monitoring Agent,*systemmonitor.co.uk,,Known remote domains
n-ableadvancedmonitoringagent,N-Able Advanced Monitoring Agent,n-able.com,,Known remote domains
n-ableadvancedmonitoringagent,N-Able Advanced Monitoring Agent,systemmonitor.us,,Known remote domains
n-ableadvancedmonitoringagent,N-Able Advanced Monitoring Agent,*systemmonitor.eu.com,,Known remote domains
n-ableadvancedmonitoringagent,N-Able Advanced Monitoring Agent,*.logicnow.com,,Known remote domains
n-ableadvancedmonitoringagent,N-Able Advanced Monitoring Agent,*.swi-tc.com,,Known remote domains
n-ableadvancedmonitoringagent,N-Able Advanced Monitoring Agent,*remote.management,,Known remote domains
n-ableadvancedmonitoringagent,N-Able Advanced Monitoring Agent,systemmonitor.us.cdn.cloudflare.net,,Known remote domains
n-ableadvancedmonitoringagent,N-Able Advanced Monitoring Agent,*cloudbackup.management,,Known remote domains
n-ableadvancedmonitoringagent,N-Able Advanced Monitoring Agent,remote.management,,Known remote domains
n-ableadvancedmonitoringagent,N-Able Advanced Monitoring Agent,logicnow.com,,Known remote domains
n-ableadvancedmonitoringagent,N-Able Advanced Monitoring Agent,system-monitor.com,,Known remote domains
n-ableadvancedmonitoringagent,N-Able Advanced Monitoring Agent,*systemmonitor.us,,Known remote domains
n-ableadvancedmonitoringagent,N-Able Advanced Monitoring Agent,systemmonitor.eu.com,,Known remote domains
n-ableadvancedmonitoringagent,N-Able Advanced Monitoring Agent,*.n-able.com,,Known remote domains
naverisk,Naverisk,user_managed,,Known remote domains
naverisk,Naverisk,naverisk.com,,Known remote domains
netbird,NetBird,netbird.io,443,Known remote domains
netbird,NetBird,netbird.io,51820,Known remote domains
netbird,NetBird,*.netbird.io,443,Known remote domains
netbird,NetBird,*.netbird.io,51820,Known remote domains
netbird,NetBird,api.netbird.io,443,Known remote domains
netbird,NetBird,api.netbird.io,51820,Known remote domains
netbird,NetBird,signal.netbird.io,443,Known remote domains
netbird,NetBird,signal.netbird.io,51820,Known remote domains
netop_remote_control_(aka_impero_connect),Netop Remote Control (aka Impero Connect),imperosoftware.com/impero-connect/,,Known remote domains
netop_remote_control_(impero_connect),Netop Remote Control (Impero Connect),*.connect.backdrop.cloud,,Known remote domains
netop_remote_control_(impero_connect),Netop Remote Control (Impero Connect),*.netop.com,,Known remote domains
netreo,Netreo,charon.netreo.net,,Known remote domains
netreo,Netreo,activation.netreo.net,,Known remote domains
netreo,Netreo,*.api.netreo.com,,Known remote domains
netreo,Netreo,netreo.com,,Known remote domains
netsupport_manager,NetSupport Manager,*.netsupportmanager.com,,Known remote domains
netsupport_manager,NetSupport Manager,netsupportmanager.com,,Known remote domains
netsupportmanager,NetSupport Manager,geo.netsupportsoftware.com,,Known remote domains
netsupportmanager,NetSupport Manager,netsupportmanager.com,,Known remote domains
netsupportmanager,NetSupport Manager,*.netsupportmanager.com,,Known remote domains
neturo,Neturo,neturo.uplus.co.kr,,Known remote domains
netviewer,Netviewer,download.cnet.com/Net-Viewer/3000-2370_4-10034828.html,,Known remote domains
netviewer_(gotomeet),Netviewer (GoToMeet),*.netviewer.com,,Known remote domains
netviewer_(gotomeet),Netviewer (GoToMeet),netviewer.com,,Known remote domains
ngrok,ngrok,connect.ngrok-agent.com,,Known remote domains
ngrok,ngrok,connect.us.ngrok-agent.com,,Known remote domains
ngrok,ngrok,connect.eu.ngrok-agent.com,,Known remote domains
ngrok,ngrok,connect.ap.ngrok-agent.com,,Known remote domains
ngrok,ngrok,connect.au.ngrok-agent.com,,Known remote domains
ngrok,ngrok,connect.sa.ngrok-agent.com,,Known remote domains
ngrok,ngrok,connect.jp.ngrok-agent.com,,Known remote domains
ngrok,ngrok,connect.in.ngrok-agent.com,,Known remote domains
ngrok,ngrok,ngrok.com,,Known remote domains
ninjarmm,NinjaRMM,*.ninjarmm.com,,Known remote domains
ninjarmm,NinjaRMM,*.ninjaone.com,,Known remote domains
ninjarmm,NinjaRMM,resources.ninjarmm.com,,Known remote domains
ninjarmm,NinjaRMM,ninjaone.com,,Known remote domains
ninjarmm,NinjaRMM,ninjarmm.net,,Known remote domains
ninjarmm,NinjaRMM,*.ninjarmm.net,,Known remote domains
ninjarmm,NinjaRMM,rmmservice.eu,,Known remote domains
ninjarmm,NinjaRMM,*.rmmservice.eu,,Known remote domains
ninjarmm,NinjaRMM,rmmservice.eu,,Known remote domains
ninjarmm,NinjaRMM,*.rmmservice.eu,,Known remote domains
ninjarmm,NinjaRMM,rmmservice.com.au,,Known remote domains
ninjarmm,NinjaRMM,*.rmmservice.com.au,,Known remote domains
ninjarmm,NinjaRMM,rmmservice.ca,,Known remote domains
ninjarmm,NinjaRMM,*.rmmservice.ca,,Known remote domains
ninjarmm,NinjaRMM,ninja-backup.com,,Known remote domains
ninjarmm,NinjaRMM,*.ninja-backup.com,,Known remote domains
nomachine,NoMachine,user_managed,,Known remote domains
nomachine,NoMachine,nomachine.com,,Known remote domains
ntr_remote,NTR Remote,*.ntrsupport.com,,Known remote domains
nvda,NVDA (Non-Visual Desktop Access),nvaccess.org,443,Known remote domains
nvda,NVDA (Non-Visual Desktop Access),*.nvaccess.org,443,Known remote domains
ocs_inventory,OCS inventory,user_managed,,Known remote domains
ocs_inventory,OCS inventory,ocsinventory-ng.org,,Known remote domains
optitune,OptiTune,*.optitune.us,,Known remote domains
optitune,OptiTune,*.opti-tune.com,,Known remote domains
pandora_rc_(ehorus),Pandora RC (eHorus),portal.ehorus.com,,Known remote domains
panorama9,Panorama9,trusted.panorama9.com,,Known remote domains
panorama9,Panorama9,changes.panorama9.com,,Known remote domains
panorama9,Panorama9,panorama9.com,,Known remote domains
parallelsaccess,Parallels Access,*.parallels.com,,Known remote domains
parallelsaccess,Parallels Access,parallels.com/products/ras/try,,Known remote domains
parsec,Parsec,parsec.app,443,Known domains used by Parsec
parsec,Parsec,parsec.app,3478,Known domains used by Parsec
parsec,Parsec,parsec.gg,443,Known domains used by Parsec
parsec,Parsec,parsec.gg,3478,Known domains used by Parsec
parsec,Parsec,*.parsec.app,443,Known domains used by Parsec
parsec,Parsec,*.parsec.app,3478,Known domains used by Parsec
pcanywhere,pcAnywhere,user_managed,,Known remote domains
pcnow,Pcnow,au.pcmag.com/utilities/21470/webex-pcnow,,Known remote domains
pcvisit,Pcvisit,*.pcvisit.de,,Known remote domains
pcvisit,Pcvisit,pcvisit.de,,Known remote domains
pdq_connect,PDQ Connect,app.pdq.com,,Known remote domains
pdq_connect,PDQ Connect,cfcdn.pdq.com,,Known remote domains
pdq_connect,PDQ Connect,pdqinstallers.*.r2.cloudflarestorage.com,,Known remote domains
pilixo,Pilixo,pilixo.com,,Known remote domains
pilixo,Pilixo,download.pilixo.com,,Known remote domains
pilixo,Pilixo,*.pilixo.com,,Known remote domains
pocket_controller,Pocket Controller,soti.net/products/soti-pocket-controller,,Known remote domains
pocket_controller_(soti_xsight),Pocket Controller (Soti Xsight),*soti.net,,Known remote domains
psexec,PSEXEC,user_managed,,Known remote domains
psexec_(clone),PSEXEC (Clone),user_managed,,Known remote domains
pulseway,Pulseway,pulseway.com,,Known remote domains
qq_im-remote_assistance,QQ IM-remote assistance,*.mdt.qq.com,,Known remote domains
qq_im-remote_assistance,QQ IM-remote assistance,*.desktop.qq.com,,Known remote domains
qq_im-remote_assistance,QQ IM-remote assistance,upload_data.qq.com,,Known remote domains
qq_im-remote_assistance,QQ IM-remote assistance,qq-messenger.en.softonic.com,,Known remote domains
quest_kace_agent_(formerly_dell_kace),Quest KACE Agent (formerly Dell KACE),*.kace.com,,Known remote domains
quest_kace_agent_(formerly_dell_kace),Quest KACE Agent (formerly Dell KACE),www.quest.com/kace/,,Known remote domains
quickassist,Quick Assist,*.support.services.microsoft.com,,Known remote domains
radmin,RAdmin,radmin.com,443,N/A
rapid7,Rapid7,*.analytics.insight.rapid7.com,,Known remote domains
rapid7,Rapid7,*.endpoint.ingress.rapid7.com,,Known remote domains
rdp2tcp,rdp2tcp,user_managed,,Known remote domains
rdp2tcp,rdp2tcp,github.com/V-E-O/rdp2tcp,,Known remote domains
rdpview,RDPView,user_managed,,Known remote domains
rdpview,RDPView,systemmanager.ru/dntu.en/rdp_view.htm,,Known remote domains
rdpwrap,rdpwrap,user_managed,,Known remote domains
rdpwrap,rdpwrap,github.com/stascorp/rdpwrap,,Known remote domains
remmon,Remmon,*.remmon.hu,,Known remote domains
remmon,Remmon,remmon.hu,,Known remote domains
remobo,Remobo,user_managed,,Known remote domains
remobo,Remobo,remobo.en.softonic.com,,Known remote domains
remote.it,Remote.it,auth.api.remote.it,,Known remote domains
remote.it,Remote.it,api.remote.it,,Known remote domains
remote.it,Remote.it,remote.it,,Known remote domains
remote_desktop_plus,Remote Desktop Plus,donkz.nl,,Known remote domains
remote_manipulator_system,Remote Manipulator System,*.internetid.ru,,Known remote domains
remote_manipulator_system,Remote Manipulator System,rmansys.ru,,Known remote domains
remote_utilities,Remote Utilities,*.internetid.ru,,Known remote domains
remotecall,RemoteCall,*.remotecall.com,,Known remote domains
remotecall,RemoteCall,*.startsupport.com,,Known remote domains
remotecall,RemoteCall,remotecall.com,,Known remote domains
remotepass,RemotePass,remotepass.com,,Known remote domains
remotepc,RemotePC,*.remotedesktop.com,,Known remote domains
remotepc,RemotePC,*.remotepc.com,,Known remote domains
remotepc,RemotePC,www.remotepc.com,,Known remote domains
remotepc,RemotePC,remotepc.com,,Known remote domains
remoteutilities,RemoteUtilities,remoteutilities.com,,Known remote domains
remoteview,RemoteView,*content.rview.com,,Known remote domains
remoteview,RemoteView,*.rview.com,,Known remote domains
remoteview,RemoteView,content.rview.com,,Known remote domains
remsupp,RemSupp,api.remsupp.com,443,RemSupp API endpoint observed during analysis
remsupp,RemSupp,download.remsupp.com,443,RemSupp installer / update download endpoint
res_automation_manager,RES Automation Manager,user_managed,,Known remote domains
res_automation_manager,RES Automation Manager,ivanti.com/,,Known remote domains
rodexrmm,Rodex RMM,rodex.cc,443,"Rodex marketing / customer portal — registered 2026-03-12 via NameSilo privacy WHOIS, fronted by Cloudflare. Operators visit this site to purchase a plan and provision a relay onto their VPS."
rodexrmm,Rodex RMM,www.rodex.cc,443,"Rodex marketing / customer portal — registered 2026-03-12 via NameSilo privacy WHOIS, fronted by Cloudflare. Operators visit this site to purchase a plan and provision a relay onto their VPS."
rodexrmm,Rodex RMM,<operator-controlled VPS hostname or IP>,443,"Per-operator relay — the operator's own VPS hosts the Node.js dashboard / Go relay / MongoDB stack. Network destination is operator-controlled, not vendor-centralised, so per-campaign infrastructure varies. The agent connects back to whatever relay URL was baked in at install time over WebSocket (HTTPS:443 by default)."
royal_apps,Royal Apps,user_managed,,Known remote domains
royal_server,Royal Server,royalapps.com,,Known remote domains
royal_ts,Royal TS,royalapps.com,,Known remote domains
rport,RPort,user_managed,,Known remote domains
rport,RPort,rport.io,,Known remote domains
rudesktop,RuDesktop,*.rudesktop.ru,,Known remote domains
rudesktop,RuDesktop,rudesktop.ru,,Known remote domains
runsmart,RunSmart,runsmart.io,,Known remote domains
rustdesk,RustDesk,rustdesk.com,443,Known remote domains
rustdesk,RustDesk,rustdesk.com,21115,Known remote domains
rustdesk,RustDesk,rustdesk.com,21116,Known remote domains
rustdesk,RustDesk,user_managed,443,Known remote domains
rustdesk,RustDesk,user_managed,21115,Known remote domains
rustdesk,RustDesk,user_managed,21116,Known remote domains
rustdesk,RustDesk,web.rustdesk.com,443,Known remote domains
rustdesk,RustDesk,web.rustdesk.com,21115,Known remote domains
rustdesk,RustDesk,web.rustdesk.com,21116,Known remote domains
rustdesk,RustDesk,api.rustdesk.com,443,Known remote domains
rustdesk,RustDesk,api.rustdesk.com,21115,Known remote domains
rustdesk,RustDesk,api.rustdesk.com,21116,Known remote domains
rustdesk,RustDesk,rs-ny.rustdesk.com,443,Known remote domains
rustdesk,RustDesk,rs-ny.rustdesk.com,21115,Known remote domains
rustdesk,RustDesk,rs-ny.rustdesk.com,21116,Known remote domains
screenconnect,ScreenConnect,control.connectwise.com,,Known remote domains
screenconnect,ScreenConnect,*.connectwise.com,,Known remote domains
screenconnect,ScreenConnect,*.screenconnect.com,,Known remote domains
screenmeet,ScreenMeet,*.screenmeet.com,,Known remote domains
screenmeet,ScreenMeet,*.scrn.mt,,Known remote domains
seetrol,Seetrol,seetrol.co.kr,,Known remote domains
senso.cloud,Senso.cloud,*.senso.cloud,,Known remote domains
senso.cloud,Senso.cloud,senso.cloud,,Known remote domains
servereye,ServerEye,*.server-eye.de,,Known remote domains
showmypc,ShowMyPC,*.showmypc.com,,Known remote domains
showmypc,ShowMyPC,showmypc.com,,Known remote domains
simplehelp,SimpleHelp,user_managed,443,Known remote domains
simplehelp,SimpleHelp,simple-help.com,443,Known remote domains
simplehelp,SimpleHelp,51.255.19.178,443,Known remote domains
simplehelp,SimpleHelp,51.255.19.179,443,Known remote domains
simplehelp,SimpleHelp,dronemaker.org,443,"Threat-actor-controlled SimpleHelp / Net Monitor infrastructure observed by Huntress during the ""Crazy"" (VoidCrypt) ransomware campaign documented in February 2026. NOT vendor-legitimate — these are attacker-operated SimpleHelp gateways and update servers."
simplehelp,SimpleHelp,telesupportgroup.com,443,"Threat-actor-controlled SimpleHelp / Net Monitor infrastructure observed by Huntress during the ""Crazy"" (VoidCrypt) ransomware campaign documented in February 2026. NOT vendor-legitimate — these are attacker-operated SimpleHelp gateways and update servers."
simplehelp,SimpleHelp,microuptime.com,443,"Threat-actor-controlled SimpleHelp / Net Monitor infrastructure observed by Huntress during the ""Crazy"" (VoidCrypt) ransomware campaign documented in February 2026. NOT vendor-legitimate — these are attacker-operated SimpleHelp gateways and update servers."
simplehelp,SimpleHelp,192.144.34.42,443,"Threat-actor-controlled SimpleHelp / Net Monitor infrastructure observed by Huntress during the ""Crazy"" (VoidCrypt) ransomware campaign documented in February 2026. NOT vendor-legitimate — these are attacker-operated SimpleHelp gateways and update servers."
simplehelp,SimpleHelp,160.191.182.41,443,"Threat-actor-controlled SimpleHelp / Net Monitor infrastructure observed by Huntress during the ""Crazy"" (VoidCrypt) ransomware campaign documented in February 2026. NOT vendor-legitimate — these are attacker-operated SimpleHelp gateways and update servers."
site24x7,Site24x7,plus*.site24x7.com,,Known remote domains
site24x7,Site24x7,plus*.site24x7.eu,,Known remote domains
site24x7,Site24x7,plus*.site24x7.in,,Known remote domains
site24x7,Site24x7,plus*.site24x7.cn,,Known remote domains
site24x7,Site24x7,plus*.site24x7.net.au,,Known remote domains
site24x7,Site24x7,site24x7.com/msp,,Known remote domains
skyfex,SkyFex,skyfex.com,,Known remote domains
skyfex,SkyFex,deskroll.com,,Known remote domains
skyfex,SkyFex,*.deskroll.com,,Known remote domains
sophos-remote_management_system,Sophos-Remote Management System,*.sophos.com,,Known remote domains
sophos-remote_management_system,Sophos-Remote Management System,*.sophosupd.com,,Known remote domains
sophos-remote_management_system,Sophos-Remote Management System,*.sophosupd.net,,Known remote domains
sophos-remote_management_system,Sophos-Remote Management System,community.sophos.com/on-premise-endpoint/f/sophos-endpoint-software/5725/sophos-remote-management-system,,Known remote domains
sorillus,Sorillus,*.sorillus.com,,Known remote domains
sorillus,Sorillus,sorillus.com,,Known remote domains
splashtop,Splashtop,*.splashtop.com,N/A,N/A
splashtop_remote,Splashtop Remote,splashtop.com,,Known remote domains
splashtop_remote,Splashtop Remote,*.api.splashtop.com,,Known remote domains
splashtop_remote,Splashtop Remote,*.relay.splashtop.com,,Known remote domains
splashtop_remote,Splashtop Remote,*.api.splashtop.eu,,Known remote domains
splashtopbeta,Splashtop (Beta),splashtop.com,,Known remote domains
spyanywhere,SpyAnywhere,*.spytech-web.com,,Known remote domains
spyanywhere,SpyAnywhere,spyanywhere.com,,Known remote domains
sunlogin,SunLogin,sunlogin.oray.com,,Known remote domains
sunlogin,SunLogin,client.oray.net,,Known remote domains
superops,SuperOps,*.superopsbeta.com,,Known remote domains
superops,SuperOps,superops.ai,,Known remote domains
superops,SuperOps,serv.superopsalpha.com,,Known remote domains
superops,SuperOps,*.superops.ai,,Known remote domains
superops,SuperOps,*.superopsalpha.com,,Known remote domains
supremo,Supremo,*.supremocontrol.com,,Known remote domains
syncro,Syncro,kabuto.io,,Known remote domains
syncro,Syncro,*.syncromsp.com,,Known remote domains
syncro,Syncro,*.syncroapi.com,,Known remote domains
syncro,Syncro,syncromsp.com,,Known remote domains
syncro,Syncro,servably.com,,Known remote domains
syncro,Syncro,ld.aurelius.host,,Known remote domains
syncro,Syncro,app.kabuto.io,,Known remote domains
syncro,Syncro,*.kabutoservices.com,,Known remote domains
syncro,Syncro,repairshopr.com,,Known remote domains
syncro,Syncro,kabutoservices.com,,Known remote domains
syncro,Syncro,attachments.servably.com,,Known remote domains
synergy,Synergy,user_managed,,Known remote domains
syspectr,Syspectr,*.syspectr.com,,Known remote domains
syspectr,Syspectr,syspectr.com,,Known remote domains
tactical_rmm,Tactical RMM,login.tailscale.com,,Known remote domains
tactical_rmm,Tactical RMM,login.tailscale.com,,Known remote domains
tactical_rmm,Tactical RMM,docs.tacticalrmm.com,,Known remote domains
tailscale,Tailscale,*.tailscale.com,,Known remote domains
tailscale,Tailscale,*.tailscale.io,,Known remote domains
tailscale,Tailscale,tailscale.com,,Known remote domains
tanium,Tanium,cloud.tanium.com,,Known remote domains
tanium,Tanium,*.cloud.tanium.com,,Known remote domains
taniumdeploy,Tanium Deploy,tanium.com/products/tanium-deploy,,Known remote domains
teamviewer,TeamViewer,*.teamviewer.com,,Known remote domains
teamviewer,TeamViewer,router15.teamviewer.com,443,N/A
teamviewer,TeamViewer,client.teamviewer.com,443,N/A
teamviewer,TeamViewer,taf.teamviewer.com,443,N/A
teledesktop,TeleDesktop,user_managed,,Known remote domains
teledesktop,TeleDesktop,tele-desk.com,,Known remote domains
teramind,Teramind,*.teramind.co,443,"Teramind cloud tenant base domain — wildcard *.teramind.co covers per-tenant subdomains (e.g. acme.teramind.co) used for the agent control channel and the customer web console. Backed by Cloudflare (104.20.25.93, 172.66.155.133). The Teramind agent installer also enforces the deployment-domain via the -do(<domain>) parameter, baking the tenant subdomain into the installer filename."
teramind,Teramind,teramind.co,443,"Teramind cloud tenant base domain — wildcard *.teramind.co covers per-tenant subdomains (e.g. acme.teramind.co) used for the agent control channel and the customer web console. Backed by Cloudflare (104.20.25.93, 172.66.155.133). The Teramind agent installer also enforces the deployment-domain via the -do(<domain>) parameter, baking the tenant subdomain into the installer filename."
teramind,Teramind,www.teramind.co,443,"Teramind cloud tenant base domain — wildcard *.teramind.co covers per-tenant subdomains (e.g. acme.teramind.co) used for the agent control channel and the customer web console. Backed by Cloudflare (104.20.25.93, 172.66.155.133). The Teramind agent installer also enforces the deployment-domain via the -do(<domain>) parameter, baking the tenant subdomain into the installer filename."
teramind,Teramind,rt.teramind.co,443,"Teramind cloud realtime / WebSocket endpoint — async video upload, live screen, and offline video upload traffic over wss://. Vendor-documented hostname."
teramind,Teramind,www.teramind.co,443,Teramind agent update / version check endpoint — directly observed as the in-the-wild URL contacted by Teramind.Setup.Updater.exe on launch (https://www.teramind.co/d/check?v=<version>&s=1&arch=<arch>) and as the download URL for the updater shim (https://www.teramind.co/d/update-shim.exe).
teramind,Teramind,sentry.dev.teramind.co,443,Teramind Sentry telemetry endpoint embedded in signed Teramind binaries; used for crash / error reporting back to Teramind.
teramind,Teramind,<on-prem-master-server-host>,10000,Teramind Master Server proprietary TLS protocol (on-premise deployments only). Used for agent ↔ Master Server control plane.
teramind,Teramind,<on-prem-app-server-host>,10000,Teramind App Server traffic in multi-node on-premise deployments. Vendor-documented TCP port range.
teramind,Teramind,<on-prem-app-server-host>,10001,Teramind App Server traffic in multi-node on-premise deployments. Vendor-documented TCP port range.
teramind,Teramind,<on-prem-app-server-host>,10500,Teramind App Server traffic in multi-node on-premise deployments. Vendor-documented TCP port range.
teramind,Teramind,<on-prem-app-server-host>,11000,Teramind App Server traffic in multi-node on-premise deployments. Vendor-documented TCP port range.
teramind,Teramind,*.teramind.co,1000-65535,"Teramind agent audio recording transport. Vendor-documented UDP, random port from a wide range; tenants commonly punch the entire 1000-65535 range in firewalls."
teramind,Teramind,www.teramind.co,80,Teramind agent deployment / update fetch over plaintext HTTP. Vendor-documented as port 80 for agent deployment / update transport.
tiflux,TiFLUX,agent.tiflux.com,443,TiFLUX agent control channel — websocket and equipment registration / triggers JSON endpoints
tiflux,TiFLUX,app.tiflux.com,443,TiFLUX tenant web console
tiflux,TiFLUX,tiflux.com,443,TiFLUX corporate / marketing site (referenced from agent and installer)
tiflux,TiFLUX,www.tiflux.com,443,TiFLUX corporate / marketing site (referenced from agent and installer)
tiflux,TiFLUX,tiflux.com.br,443,TiFLUX corporate / marketing site (referenced from agent and installer)
tiflux,TiFLUX,www.tiflux.com.br,443,TiFLUX corporate / marketing site (referenced from agent and installer)
tiflux,TiFLUX,*.tiflux.com,443,TiFLUX per-tenant subdomains used to host the agent MSI installer download (also abused to deliver decoy MSIs named after legitimate software)
tiflux,TiFLUX,my.splashtop.com,443,Splashtop infrastructure referenced by the agent only when the optional Splashtop remote-access integration is enabled in the tenant; the Splashtop client itself is not bundled in the TiFLUX MSI and is installed separately (see splashtop.yaml for Splashtop-specific artifacts)
tigervnc,TigerVNC,user_managed,,Known remote domains
tightvnc,TightVNC,user_managed,,Known remote domains
tightvnc,TightVNC,tightvnc.com,,Known remote domains
tmate,tmate,tmate.io,22,Known remote domains
tmate,tmate,tmate.io,443,Known remote domains
tmate,tmate,*.tmate.io,22,Known remote domains
tmate,tmate,*.tmate.io,443,Known remote domains
todesk,ToDesk,todesk.com,,Known remote domains
todesk,ToDesk,*.todesk.com,,Known remote domains
todesk,ToDesk,*.todesk.com,,Known remote domains
todesk,ToDesk,todesktop.com,,Known remote domains
turbomeeting,TurboMeeting,user_managed,,Known remote domains
turbomeeting,TurboMeeting,acceo.com/turbomeeting/,,Known remote domains
ultraviewer,UltraViewer,*.ultraviewer.net,,Known remote domains
ultraviewer,UltraViewer,ultraviewer.net,,Known remote domains
ultravnc,UltraVNC,ultravnc.com,,Known remote domains
ultravnc,UltraVNC,user_managed,,Known remote domains
updatesimplehelp,SimpleHelp,user_managed,443,Known remote domains
updatesimplehelp,SimpleHelp,simple-help.com,443,Known remote domains
updatesimplehelp,SimpleHelp,51.255.19.178,443,Known remote domains
updatesimplehelp,SimpleHelp,51.255.19.179,443,Known remote domains
visual_studio_dev_tunnel,Visual Studio Dev Tunnel,global.rel.tunnels.api.visualstudio.com,,Known remote domains
visual_studio_dev_tunnel,Visual Studio Dev Tunnel,*.rel.tunnels.api.visualstudio.com,,Known remote domains
visual_studio_dev_tunnel,Visual Studio Dev Tunnel,*.devtunnels.ms,,Known remote domains
vizor,VIZOR,<operator-configured Vector Discovery Server URL>,443,"Outbound connection from the Vector Discovery Client (Vector Asset Management Client) to the operator-configured Vector Discovery Server (a.k.a. Vector Asset Manager) over HTTP/HTTPS to IIS. Default port is 443 (HTTPS) per the VIZOR Security Topics document, configurable to any port. The endpoint URL is operator-configured and not centralised — every install can point at a different self-hosted IIS server, or at the vendor-hosted vizor.cloud tenant."
vizor,VIZOR,<operator-configured Vector Discovery Server URL>,80,"Outbound connection from the Vector Discovery Client (Vector Asset Management Client) to the operator-configured Vector Discovery Server (a.k.a. Vector Asset Manager) over HTTP/HTTPS to IIS. Default port is 443 (HTTPS) per the VIZOR Security Topics document, configurable to any port. The endpoint URL is operator-configured and not centralised — every install can point at a different self-hosted IIS server, or at the vendor-hosted vizor.cloud tenant."
vizor,VIZOR,vizor.cloud,443,"VIZOR Cloud / Vector Networks vendor-hosted endpoint. Both vector-networks.com and vizor.cloud resolve to 18.204.85.68 (AWS) per VirusTotal historical resolutions; *.vizor.cloud wildcard certificate issued by Sectigo. VIZOR Cloud uses TLS 1.2 with SHA-256, 2048-bit certificates per the VIZOR Security Topics document."
vizor,VIZOR,www.vizor.cloud,443,"VIZOR Cloud / Vector Networks vendor-hosted endpoint. Both vector-networks.com and vizor.cloud resolve to 18.204.85.68 (AWS) per VirusTotal historical resolutions; *.vizor.cloud wildcard certificate issued by Sectigo. VIZOR Cloud uses TLS 1.2 with SHA-256, 2048-bit certificates per the VIZOR Security Topics document."
vizor,VIZOR,vector-networks.com,443,"VIZOR Cloud / Vector Networks vendor-hosted endpoint. Both vector-networks.com and vizor.cloud resolve to 18.204.85.68 (AWS) per VirusTotal historical resolutions; *.vizor.cloud wildcard certificate issued by Sectigo. VIZOR Cloud uses TLS 1.2 with SHA-256, 2048-bit certificates per the VIZOR Security Topics document."
vizor,VIZOR,www.vector-networks.com,443,"VIZOR Cloud / Vector Networks vendor-hosted endpoint. Both vector-networks.com and vizor.cloud resolve to 18.204.85.68 (AWS) per VirusTotal historical resolutions; *.vizor.cloud wildcard certificate issued by Sectigo. VIZOR Cloud uses TLS 1.2 with SHA-256, 2048-bit certificates per the VIZOR Security Topics document."
vizor,VIZOR,metaquest.com,443,"Vector Networks legacy Metaquest brand domains carried in the vector-networks.com SSL certificate Subject Alt Names (SAN list — metaquest.com, mail.metaquest.com, www.metaquest.com — observed in cPanel-issued certificates 2020-2021 per VirusTotal historical SSL certificates). Same hosting infrastructure as vector-networks.com."
vizor,VIZOR,mail.metaquest.com,443,"Vector Networks legacy Metaquest brand domains carried in the vector-networks.com SSL certificate Subject Alt Names (SAN list — metaquest.com, mail.metaquest.com, www.metaquest.com — observed in cPanel-issued certificates 2020-2021 per VirusTotal historical SSL certificates). Same hosting infrastructure as vector-networks.com."
vizor,VIZOR,www.metaquest.com,443,"Vector Networks legacy Metaquest brand domains carried in the vector-networks.com SSL certificate Subject Alt Names (SAN list — metaquest.com, mail.metaquest.com, www.metaquest.com — observed in cPanel-issued certificates 2020-2021 per VirusTotal historical SSL certificates). Same hosting infrastructure as vector-networks.com."
vizor,VIZOR,downloads.vector-networks.com,443,"Vector Networks downloads / support distribution host — serves the VIZOR MSI bundles, version directories (2.5.2, 2.50.2), Update Files.zip, VNConfig utility ZIPs and connector bundles. Operators (and threat actors emulating an operator) can pull the Vector Asset Management Client install media directly from these directories."
vizor,VIZOR,www.vector-networks.com,443,"Vector Networks downloads / support distribution host — serves the VIZOR MSI bundles, version directories (2.5.2, 2.50.2), Update Files.zip, VNConfig utility ZIPs and connector bundles. Operators (and threat actors emulating an operator) can pull the Vector Asset Management Client install media directly from these directories."
vnc,VNC,user_managed,,Known remote domains
vnc,VNC,realvnc.com/en/connect/download/vnc,,Known remote domains
webrdp,WebRDP,user_managed,,Known remote domains
webrdp,WebRDP,github.com/Mikej81/WebRDP,,Known remote domains
weezo,Weezo,*.weezo.me,,Known remote domains
weezo,Weezo,weezo.net,,Known remote domains
weezo,Weezo,*.weezo.net,,Known remote domains
weezo,Weezo,weezo.en.softonic.com,,Known remote domains
xeox,Xeox,*.xeox.com,,Known remote domains
xeox,Xeox,xeox.com,,Known remote domains
zabbix_agent,Zabbix Agent,user_managed,,Known remote domains
zabbix_agent,Zabbix Agent,zabbix.com,,Known remote domains
zerotier,ZeroTier,zerotier.com,,Known remote domains
zerotier,ZeroTier,*.zerotier.com,,Known remote domains
zohoassist,Zoho Assist,*.zoho.com.au,,Known remote domains
zohoassist,Zoho Assist,*.zohoassist.jp,,Known remote domains
zohoassist,Zoho Assist,assist.zoho.com,,Known remote domains
zohoassist,Zoho Assist,zoho.com/assist/,,Known remote domains
zohoassist,Zoho Assist,*.zoho.in,,Known remote domains
zohoassist,Zoho Assist,downloads.zohodl.com.cn,,Known remote domains
zohoassist,Zoho Assist,*.zohoassist.com,,Known remote domains
zohoassist,Zoho Assist,downloads.zohocdn.com,,Known remote domains
zohoassist,Zoho Assist,gateway.zohoassist.com,,Known remote domains
zohoassist,Zoho Assist,*.zohoassist.com.cn,,Known remote domains
zohoassist,Zoho Assist,*.zoho.com.cn,,Known remote domains
zohoassist,Zoho Assist,*.zoho.com,,Known remote domains
zohoassist,Zoho Assist,*.zoho.eu,,Known remote domains
